state,period_key,period_ord,y_true,model,y_pred
andaman-&-nicobar-islands,20231,8092,4461528587.0,naive_last,3984674404.4287863
andhra-pradesh,20231,8092,2249051316530.0,naive_last,1424725083041.656
arunachal-pradesh,20231,8092,16394578454.0,naive_last,9684909697.50225
assam,20231,8092,212354167087.0,naive_last,192653519187.5461
bihar,20231,8092,1039276959944.0,naive_last,936012149674.8322
chandigarh,20231,8092,12824894394.0,naive_last,27879754566.939415
chhattisgarh,20231,8092,301088936459.0,naive_last,252519180810.47153
dadra-&-nagar-haveli-&-daman-&-diu,20231,8092,12614091200.0,naive_last,8059640746.081129
delhi,20231,8092,611403109580.0,naive_last,744915016018.5758
goa,20231,8092,35096965775.0,naive_last,24924986371.339153
gujarat,20231,8092,597826188806.0,naive_last,567918305336.5378
haryana,20231,8092,591150623736.0,naive_last,490490659880.1036
himachal-pradesh,20231,8092,37740947734.0,naive_last,41779343232.37368
jammu-&-kashmir,20231,8092,55921747581.0,naive_last,44315295915.49385
jharkhand,20231,8092,367371336021.0,naive_last,277971737448.58136
karnataka,20231,8092,2470227226317.0,naive_last,1904516622907.6438
kerala,20231,8092,193637089677.0,naive_last,173559808599.70966
ladakh,20231,8092,3849021298.0,naive_last,2894477572.678949
lakshadweep,20231,8092,85321961.0,naive_last,54813873.61493625
madhya-pradesh,20231,8092,1062026599901.0,naive_last,1302999857548.3237
maharashtra,20231,8092,2362285906059.0,naive_last,2210470839617.1304
manipur,20231,8092,8585564092.0,naive_last,15625956698.341482
meghalaya,20231,8092,10084840615.0,naive_last,8996541156.348656
mizoram,20231,8092,2955622739.0,naive_last,2037911085.2630196
nagaland,20231,8092,7814397854.0,naive_last,6969966384.314046
odisha,20231,8092,753968977663.0,naive_last,652217064524.0004
puducherry,20231,8092,14222388506.0,naive_last,11142204877.174494
punjab,20231,8092,175508676860.0,naive_last,168107427177.93903
rajasthan,20231,8092,1554913375850.0,naive_last,1456956699398.6572
sikkim,20231,8092,6762568022.0,naive_last,6458385389.419812
tamil-nadu,20231,8092,715583673518.0,naive_last,675689667591.438
telangana,20231,8092,2372581734284.0,naive_last,2978252562916.1475
tripura,20231,8092,13288282891.0,naive_last,10452971818.154097
uttar-pradesh,20231,8092,1636936265372.0,naive_last,1376378802069.512
uttarakhand,20231,8092,107179907585.0,naive_last,115496046831.35934
west-bengal,20231,8092,896883182555.0,naive_last,787775633607.2498
andaman-&-nicobar-islands,20231,8092,4461528587.0,seasonal_naive,2129030202.075167
andhra-pradesh,20231,8092,2249051316530.0,seasonal_naive,1294320646554.8765
arunachal-pradesh,20231,8092,16394578454.0,seasonal_naive,7828091628.087365
assam,20231,8092,212354167087.0,seasonal_naive,132280437892.70287
bihar,20231,8092,1039276959944.0,seasonal_naive,611411695731.1459
chandigarh,20231,8092,12824894394.0,seasonal_naive,15174991549.84
chhattisgarh,20231,8092,301088936459.0,seasonal_naive,157847045454.8345
dadra-&-nagar-haveli-&-daman-&-diu,20231,8092,12614091200.0,seasonal_naive,6237048367.26239
delhi,20231,8092,611403109580.0,seasonal_naive,536964920836.28876
goa,20231,8092,35096965775.0,seasonal_naive,19816445402.846115
gujarat,20231,8092,597826188806.0,seasonal_naive,392548092253.5479
haryana,20231,8092,591150623736.0,seasonal_naive,341304042652.7771
himachal-pradesh,20231,8092,37740947734.0,seasonal_naive,26518447439.93281
jammu-&-kashmir,20231,8092,55921747581.0,seasonal_naive,33147863626.15907
jharkhand,20231,8092,367371336021.0,seasonal_naive,194700207087.16724
karnataka,20231,8092,2470227226317.0,seasonal_naive,1566649488305.8816
kerala,20231,8092,193637089677.0,seasonal_naive,139988942464.6941
ladakh,20231,8092,3849021298.0,seasonal_naive,2025040918.842209
lakshadweep,20231,8092,85321961.0,seasonal_naive,54939432.65393007
madhya-pradesh,20231,8092,1062026599901.0,seasonal_naive,747665139599.6476
maharashtra,20231,8092,2362285906059.0,seasonal_naive,1681399273981.1345
manipur,20231,8092,8585564092.0,seasonal_naive,14144501078.373817
meghalaya,20231,8092,10084840615.0,seasonal_naive,4662338331.331895
mizoram,20231,8092,2955622739.0,seasonal_naive,1945158963.6112459
nagaland,20231,8092,7814397854.0,seasonal_naive,5544951708.895756
odisha,20231,8092,753968977663.0,seasonal_naive,451227311779.82385
puducherry,20231,8092,14222388506.0,seasonal_naive,12083474905.386656
punjab,20231,8092,175508676860.0,seasonal_naive,118389978105.96286
rajasthan,20231,8092,1554913375850.0,seasonal_naive,1022050180980.1293
sikkim,20231,8092,6762568022.0,seasonal_naive,4367431275.863424
tamil-nadu,20231,8092,715583673518.0,seasonal_naive,512789201600.63257
telangana,20231,8092,2372581734284.0,seasonal_naive,1670638169828.9746
tripura,20231,8092,13288282891.0,seasonal_naive,6247329764.349845
uttar-pradesh,20231,8092,1636936265372.0,seasonal_naive,883123174117.0261
uttarakhand,20231,8092,107179907585.0,seasonal_naive,70978782500.07466
west-bengal,20231,8092,896883182555.0,seasonal_naive,551426663209.5621
andaman-&-nicobar-islands,20231,8092,4461528587.0,seasonal_yoy,4389655288.800553
andhra-pradesh,20231,8092,2249051316530.0,seasonal_yoy,1594835070209.066
arunachal-pradesh,20231,8092,16394578454.0,seasonal_yoy,10918736585.92399
assam,20231,8092,212354167087.0,seasonal_yoy,244606226742.98856
bihar,20231,8092,1039276959944.0,seasonal_yoy,1101886895924.7288
chandigarh,20231,8092,12824894394.0,seasonal_yoy,29434207527.466824
chhattisgarh,20231,8092,301088936459.0,seasonal_yoy,292226294291.7833
dadra-&-nagar-haveli-&-daman-&-diu,20231,8092,12614091200.0,seasonal_yoy,9031588169.705828
delhi,20231,8092,611403109580.0,seasonal_yoy,818492056494.5516
goa,20231,8092,35096965775.0,seasonal_yoy,26516229873.346325
gujarat,20231,8092,597826188806.0,seasonal_yoy,651129059430.5564
haryana,20231,8092,591150623736.0,seasonal_yoy,541346917187.4622
himachal-pradesh,20231,8092,37740947734.0,seasonal_yoy,42390341692.90412
jammu-&-kashmir,20231,8092,55921747581.0,seasonal_yoy,37736947691.40801
jharkhand,20231,8092,367371336021.0,seasonal_yoy,325997434303.2079
karnataka,20231,8092,2470227226317.0,seasonal_yoy,2169227333153.294
kerala,20231,8092,193637089677.0,seasonal_yoy,196984215308.38672
ladakh,20231,8092,3849021298.0,seasonal_yoy,2721773802.430632
lakshadweep,20231,8092,85321961.0,seasonal_yoy,59050005.14759344
madhya-pradesh,20231,8092,1062026599901.0,seasonal_yoy,1483066098314.8684
maharashtra,20231,8092,2362285906059.0,seasonal_yoy,2519173565328.483
manipur,20231,8092,8585564092.0,seasonal_yoy,17460350720.301914
meghalaya,20231,8092,10084840615.0,seasonal_yoy,10898278882.007345
mizoram,20231,8092,2955622739.0,seasonal_yoy,2238740447.4954095
nagaland,20231,8092,7814397854.0,seasonal_yoy,7824958778.3425665
odisha,20231,8092,753968977663.0,seasonal_yoy,763912656328.8203
puducherry,20231,8092,14222388506.0,seasonal_yoy,12916447670.299286
punjab,20231,8092,175508676860.0,seasonal_yoy,179768872989.46762
rajasthan,20231,8092,1554913375850.0,seasonal_yoy,1647335058552.819
sikkim,20231,8092,6762568022.0,seasonal_yoy,6720993814.2808
tamil-nadu,20231,8092,715583673518.0,seasonal_yoy,780860179280.0059
telangana,20231,8092,2372581734284.0,seasonal_yoy,3399183312303.232
tripura,20231,8092,13288282891.0,seasonal_yoy,11879934496.082663
uttar-pradesh,20231,8092,1636936265372.0,seasonal_yoy,1570650212338.7998
uttarakhand,20231,8092,107179907585.0,seasonal_yoy,123930510119.87148
west-bengal,20231,8092,896883182555.0,seasonal_yoy,939817259341.4415
andaman-&-nicobar-islands,20231,8092,4461528587.0,ridge,4029106285.222666
andhra-pradesh,20231,8092,2249051316530.0,ridge,1610019695137.5583
arunachal-pradesh,20231,8092,16394578454.0,ridge,10986794871.834114
assam,20231,8092,212354167087.0,ridge,214418735989.41928
bihar,20231,8092,1039276959944.0,ridge,1035397108867.4486
chandigarh,20231,8092,12824894394.0,ridge,29386634855.23568
chhattisgarh,20231,8092,301088936459.0,ridge,281859505146.87164
dadra-&-nagar-haveli-&-daman-&-diu,20231,8092,12614091200.0,ridge,10095517224.094122
delhi,20231,8092,611403109580.0,ridge,839510052116.7899
goa,20231,8092,35096965775.0,ridge,30008136276.540752
gujarat,20231,8092,597826188806.0,ridge,636924273309.6168
haryana,20231,8092,591150623736.0,ridge,544538984621.04553
himachal-pradesh,20231,8092,37740947734.0,ridge,48658676302.682434
jammu-&-kashmir,20231,8092,55921747581.0,ridge,50978937470.889336
jharkhand,20231,8092,367371336021.0,ridge,321465274457.3794
karnataka,20231,8092,2470227226317.0,ridge,2336616059685.5337
kerala,20231,8092,193637089677.0,ridge,221631880923.69354
ladakh,20231,8092,3849021298.0,ridge,2939707232.941074
lakshadweep,20231,8092,85321961.0,ridge,62772772.16580544
madhya-pradesh,20231,8092,1062026599901.0,ridge,1447241484818.8835
maharashtra,20231,8092,2362285906059.0,ridge,2662109148075.675
manipur,20231,8092,8585564092.0,ridge,16796345108.57365
meghalaya,20231,8092,10084840615.0,ridge,8659044617.721508
mizoram,20231,8092,2955622739.0,ridge,2259265534.5059896
nagaland,20231,8092,7814397854.0,ridge,7639249376.333363
odisha,20231,8092,753968977663.0,ridge,750777566492.5182
puducherry,20231,8092,14222388506.0,ridge,14120779023.84873
punjab,20231,8092,175508676860.0,ridge,185513462450.68365
rajasthan,20231,8092,1554913375850.0,ridge,1610526481403.218
sikkim,20231,8092,6762568022.0,ridge,7049755341.629799
tamil-nadu,20231,8092,715583673518.0,ridge,805631513648.3678
telangana,20231,8092,2372581734284.0,ridge,3158714199429.954
tripura,20231,8092,13288282891.0,ridge,11542853043.313864
uttar-pradesh,20231,8092,1636936265372.0,ridge,1564664682799.995
uttarakhand,20231,8092,107179907585.0,ridge,132320041086.8292
west-bengal,20231,8092,896883182555.0,ridge,873510613358.8411
andaman-&-nicobar-islands,20231,8092,4461528587.0,gbm,4747875952.120356
andhra-pradesh,20231,8092,2249051316530.0,gbm,1483314453584.4084
arunachal-pradesh,20231,8092,16394578454.0,gbm,9912282068.317102
assam,20231,8092,212354167087.0,gbm,227215913521.66263
bihar,20231,8092,1039276959944.0,gbm,1054144067088.6409
chandigarh,20231,8092,12824894394.0,gbm,27930725719.868587
chhattisgarh,20231,8092,301088936459.0,gbm,306947325343.07526
dadra-&-nagar-haveli-&-daman-&-diu,20231,8092,12614091200.0,gbm,9647515409.816471
delhi,20231,8092,611403109580.0,gbm,821346209101.7861
goa,20231,8092,35096965775.0,gbm,27024265667.170006
gujarat,20231,8092,597826188806.0,gbm,643839504372.9434
haryana,20231,8092,591150623736.0,gbm,571586466735.1697
himachal-pradesh,20231,8092,37740947734.0,gbm,53855126155.58212
jammu-&-kashmir,20231,8092,55921747581.0,gbm,49808455437.921486
jharkhand,20231,8092,367371336021.0,gbm,349858081802.96967
karnataka,20231,8092,2470227226317.0,gbm,1654089850707.1484
kerala,20231,8092,193637089677.0,gbm,200123021292.95038
ladakh,20231,8092,3849021298.0,gbm,3731586293.282918
lakshadweep,20231,8092,85321961.0,gbm,61141050.565241724
madhya-pradesh,20231,8092,1062026599901.0,gbm,1628992161201.0354
maharashtra,20231,8092,2362285906059.0,gbm,1716658483556.1528
manipur,20231,8092,8585564092.0,gbm,16639285527.704826
meghalaya,20231,8092,10084840615.0,gbm,10117634275.904627
mizoram,20231,8092,2955622739.0,gbm,2404314076.5553527
nagaland,20231,8092,7814397854.0,gbm,7761669751.946735
odisha,20231,8092,753968977663.0,gbm,694425990450.0471
puducherry,20231,8092,14222388506.0,gbm,13019869986.07309
punjab,20231,8092,175508676860.0,gbm,187888737615.12143
rajasthan,20231,8092,1554913375850.0,gbm,1596774040953.8062
sikkim,20231,8092,6762568022.0,gbm,7832416073.813318
tamil-nadu,20231,8092,715583673518.0,gbm,757342832341.2473
telangana,20231,8092,2372581734284.0,gbm,1963060312601.4368
tripura,20231,8092,13288282891.0,gbm,12766953104.775032
uttar-pradesh,20231,8092,1636936265372.0,gbm,1603079203261.2024
uttarakhand,20231,8092,107179907585.0,gbm,133746660575.54063
west-bengal,20231,8092,896883182555.0,gbm,902514148283.9786
andaman-&-nicobar-islands,20232,8093,4990344236.0,naive_last,4461528587.0
andhra-pradesh,20232,8093,2506039086916.0,naive_last,2249051316530.0
arunachal-pradesh,20232,8093,19805698664.0,naive_last,16394578454.0
assam,20232,8093,235110788783.0,naive_last,212354167087.0
bihar,20232,8093,1226046745390.0,naive_last,1039276959944.0
chandigarh,20232,8093,14414408750.0,naive_last,12824894394.0
chhattisgarh,20232,8093,333156846754.0,naive_last,301088936459.0
dadra-&-nagar-haveli-&-daman-&-diu,20232,8093,13750538188.0,naive_last,12614091200.0
delhi,20232,8093,661728515657.0,naive_last,611403109580.0
goa,20232,8093,38412206943.0,naive_last,35096965775.0
gujarat,20232,8093,645407208525.0,naive_last,597826188806.0
haryana,20232,8093,661742128636.0,naive_last,591150623736.0
himachal-pradesh,20232,8093,46875063718.0,naive_last,37740947734.0
jammu-&-kashmir,20232,8093,76530005380.0,naive_last,55921747581.0
jharkhand,20232,8093,422214727508.0,naive_last,367371336021.0
karnataka,20232,8093,2777599098830.0,naive_last,2470227226317.0
kerala,20232,8093,207796670985.0,naive_last,193637089677.0
ladakh,20232,8093,7191103886.0,naive_last,3849021298.0
lakshadweep,20232,8093,97987438.0,naive_last,85321961.0
madhya-pradesh,20232,8093,1202440949508.0,naive_last,1062026599901.0
maharashtra,20232,8093,2606004606468.0,naive_last,2362285906059.0
manipur,20232,8093,4463876653.0,naive_last,8585564092.0
meghalaya,20232,8093,11084506486.0,naive_last,10084840615.0
mizoram,20232,8093,3191806576.0,naive_last,2955622739.0
nagaland,20232,8093,8021399310.0,naive_last,7814397854.0
odisha,20232,8093,799332054104.0,naive_last,753968977663.0
puducherry,20232,8093,15386733257.0,naive_last,14222388506.0
punjab,20232,8093,194181575454.0,naive_last,175508676860.0
rajasthan,20232,8093,1698455586300.0,naive_last,1554913375850.0
sikkim,20232,8093,8580350436.0,naive_last,6762568022.0
tamil-nadu,20232,8093,776362551015.0,naive_last,715583673518.0
telangana,20232,8093,2698149935008.0,naive_last,2372581734284.0
tripura,20232,8093,13919130082.0,naive_last,13288282891.0
uttar-pradesh,20232,8093,1836622076526.0,naive_last,1636936265372.0
uttarakhand,20232,8093,134072872398.0,naive_last,107179907585.0
west-bengal,20232,8093,1009315106972.0,naive_last,896883182555.0
andaman-&-nicobar-islands,20232,8093,4990344236.0,seasonal_naive,2685920350.0802655
andhra-pradesh,20232,8093,2506039086916.0,seasonal_naive,1479853948202.9336
arunachal-pradesh,20232,8093,19805698664.0,seasonal_naive,9131665374.225864
assam,20232,8093,235110788783.0,seasonal_naive,153111042086.78345
bihar,20232,8093,1226046745390.0,seasonal_naive,754461454966.14
chandigarh,20232,8093,14414408750.0,seasonal_naive,17283500158.37099
chhattisgarh,20232,8093,333156846754.0,seasonal_naive,181181677163.78122
dadra-&-nagar-haveli-&-daman-&-diu,20232,8093,13750538188.0,seasonal_naive,6995159780.810839
delhi,20232,8093,661728515657.0,seasonal_naive,629855650458.2168
goa,20232,8093,38412206943.0,seasonal_naive,22873037759.5202
gujarat,20232,8093,645407208525.0,seasonal_naive,446798000976.8455
haryana,20232,8093,661742128636.0,seasonal_naive,395234035249.50635
himachal-pradesh,20232,8093,46875063718.0,seasonal_naive,33709107958.24229
jammu-&-kashmir,20232,8093,76530005380.0,seasonal_naive,46254290836.6356
jharkhand,20232,8093,422214727508.0,seasonal_naive,225636227828.13782
karnataka,20232,8093,2777599098830.0,seasonal_naive,1867146114059.2336
kerala,20232,8093,207796670985.0,seasonal_naive,154696329549.12445
ladakh,20232,8093,7191103886.0,seasonal_naive,3543318177.9962697
lakshadweep,20232,8093,97987438.0,seasonal_naive,55929601.989905685
madhya-pradesh,20232,8093,1202440949508.0,seasonal_naive,867024737328.5857
maharashtra,20232,8093,2606004606468.0,seasonal_naive,2006272382175.8887
manipur,20232,8093,4463876653.0,seasonal_naive,14922910635.149307
meghalaya,20232,8093,11084506486.0,seasonal_naive,5281491421.884796
mizoram,20232,8093,3191806576.0,seasonal_naive,2003186567.1089368
nagaland,20232,8093,8021399310.0,seasonal_naive,5740285349.020281
odisha,20232,8093,799332054104.0,seasonal_naive,510035012340.02734
puducherry,20232,8093,15386733257.0,seasonal_naive,13778745255.768896
punjab,20232,8093,194181575454.0,seasonal_naive,137345426369.22705
rajasthan,20232,8093,1698455586300.0,seasonal_naive,1152833518600.3918
sikkim,20232,8093,8580350436.0,seasonal_naive,5611105670.307138
tamil-nadu,20232,8093,776362551015.0,seasonal_naive,590134727678.3966
telangana,20232,8093,2698149935008.0,seasonal_naive,1951414544517.0774
tripura,20232,8093,13919130082.0,seasonal_naive,6878271042.035301
uttar-pradesh,20232,8093,1836622076526.0,seasonal_naive,1067515182420.0088
uttarakhand,20232,8093,134072872398.0,seasonal_naive,88313371025.33424
west-bengal,20232,8093,1009315106972.0,seasonal_naive,648575179584.2455
andaman-&-nicobar-islands,20232,8093,4990344236.0,seasonal_yoy,5628530028.652489
andhra-pradesh,20232,8093,2506039086916.0,seasonal_yoy,2571439680991.6104
arunachal-pradesh,20232,8093,19805698664.0,seasonal_yoy,19124687280.902428
assam,20232,8093,235110788783.0,seasonal_yoy,245794225753.42938
bihar,20232,8093,1226046745390.0,seasonal_yoy,1282432790845.6045
chandigarh,20232,8093,14414408750.0,seasonal_yoy,14606865747.620619
chhattisgarh,20232,8093,333156846754.0,seasonal_yoy,345599110366.0533
dadra-&-nagar-haveli-&-daman-&-diu,20232,8093,13750538188.0,seasonal_yoy,14147330313.625547
delhi,20232,8093,661728515657.0,seasonal_yoy,717171063385.156
goa,20232,8093,38412206943.0,seasonal_yoy,40510505648.04451
gujarat,20232,8093,645407208525.0,seasonal_yoy,680445406209.2385
haryana,20232,8093,661742128636.0,seasonal_yoy,684559270506.9026
himachal-pradesh,20232,8093,46875063718.0,seasonal_yoy,47974666861.37977
jammu-&-kashmir,20232,8093,76530005380.0,seasonal_yoy,78032804945.63249
jharkhand,20232,8093,422214727508.0,seasonal_yoy,425743165413.5369
karnataka,20232,8093,2777599098830.0,seasonal_yoy,2944037706512.549
kerala,20232,8093,207796670985.0,seasonal_yoy,213980808128.19443
ladakh,20232,8093,7191103886.0,seasonal_yoy,6734830395.672065
lakshadweep,20232,8093,97987438.0,seasonal_yoy,86859712.3997947
madhya-pradesh,20232,8093,1202440949508.0,seasonal_yoy,1231571842854.9421
maharashtra,20232,8093,2606004606468.0,seasonal_yoy,2818717151523.3413
manipur,20232,8093,4463876653.0,seasonal_yoy,9058050544.685091
meghalaya,20232,8093,11084506486.0,seasonal_yoy,11424095682.044207
mizoram,20232,8093,3191806576.0,seasonal_yoy,3043794301.1169806
nagaland,20232,8093,8021399310.0,seasonal_yoy,8089677939.082485
odisha,20232,8093,799332054104.0,seasonal_yoy,852232492996.7609
puducherry,20232,8093,15386733257.0,seasonal_yoy,16217741145.420858
punjab,20232,8093,194181575454.0,seasonal_yoy,203609413908.84082
rajasthan,20232,8093,1698455586300.0,seasonal_yoy,1753882824501.765
sikkim,20232,8093,8580350436.0,seasonal_yoy,8688284114.231483
tamil-nadu,20232,8093,776362551015.0,seasonal_yoy,823517295185.8248
telangana,20232,8093,2698149935008.0,seasonal_yoy,2771330493910.1904
tripura,20232,8093,13919130082.0,seasonal_yoy,14630316448.014555
uttar-pradesh,20232,8093,1836622076526.0,seasonal_yoy,1978720938543.683
uttarakhand,20232,8093,134072872398.0,seasonal_yoy,133355611516.79637
west-bengal,20232,8093,1009315106972.0,seasonal_yoy,1054893080080.5929
andaman-&-nicobar-islands,20232,8093,4990344236.0,ridge,4515007335.093183
andhra-pradesh,20232,8093,2506039086916.0,ridge,2390101223016.929
arunachal-pradesh,20232,8093,19805698664.0,ridge,19850537784.387608
assam,20232,8093,235110788783.0,ridge,234823394049.55304
bihar,20232,8093,1226046745390.0,ridge,1079899626051.1865
chandigarh,20232,8093,14414408750.0,ridge,16653733756.526709
chhattisgarh,20232,8093,333156846754.0,ridge,327160460286.116
dadra-&-nagar-haveli-&-daman-&-diu,20232,8093,13750538188.0,ridge,14645051053.158834
delhi,20232,8093,661728515657.0,ridge,677553330641.1742
goa,20232,8093,38412206943.0,ridge,38091901065.67599
gujarat,20232,8093,645407208525.0,ridge,654926187349.198
haryana,20232,8093,661742128636.0,ridge,629753197379.9088
himachal-pradesh,20232,8093,46875063718.0,ridge,46656900420.58983
jammu-&-kashmir,20232,8093,76530005380.0,ridge,66131219210.131165
jharkhand,20232,8093,422214727508.0,ridge,405289920663.0645
karnataka,20232,8093,2777599098830.0,ridge,2739673470220.005
kerala,20232,8093,207796670985.0,ridge,232975724434.6053
ladakh,20232,8093,7191103886.0,ridge,4557173371.880672
lakshadweep,20232,8093,97987438.0,ridge,100236016.10153098
madhya-pradesh,20232,8093,1202440949508.0,ridge,1201896569560.0032
maharashtra,20232,8093,2606004606468.0,ridge,2721656114954.4956
manipur,20232,8093,4463876653.0,ridge,11242052667.200703
meghalaya,20232,8093,11084506486.0,ridge,10391011996.048893
mizoram,20232,8093,3191806576.0,ridge,3526268757.709397
nagaland,20232,8093,8021399310.0,ridge,8346886744.726693
odisha,20232,8093,799332054104.0,ridge,796467693522.1713
puducherry,20232,8093,15386733257.0,ridge,16663853016.072338
punjab,20232,8093,194181575454.0,ridge,191163790731.63544
rajasthan,20232,8093,1698455586300.0,ridge,1697035584973.5305
sikkim,20232,8093,8580350436.0,ridge,7532735018.676328
tamil-nadu,20232,8093,776362551015.0,ridge,823068434218.6593
telangana,20232,8093,2698149935008.0,ridge,2364654258192.7246
tripura,20232,8093,13919130082.0,ridge,14449296492.928648
uttar-pradesh,20232,8093,1836622076526.0,ridge,1774422677927.7368
uttarakhand,20232,8093,134072872398.0,ridge,125353256408.72127
west-bengal,20232,8093,1009315106972.0,ridge,956158141960.0319
andaman-&-nicobar-islands,20232,8093,4990344236.0,gbm,5231474645.813729
andhra-pradesh,20232,8093,2506039086916.0,gbm,1842490513757.209
arunachal-pradesh,20232,8093,19805698664.0,gbm,16671336567.445398
assam,20232,8093,235110788783.0,gbm,242491678477.74966
bihar,20232,8093,1226046745390.0,gbm,1131535796237.804
chandigarh,20232,8093,14414408750.0,gbm,18475800838.101852
chhattisgarh,20232,8093,333156846754.0,gbm,354228968310.6572
dadra-&-nagar-haveli-&-daman-&-diu,20232,8093,13750538188.0,gbm,13526364614.165352
delhi,20232,8093,661728515657.0,gbm,682835531788.2463
goa,20232,8093,38412206943.0,gbm,36918159543.998985
gujarat,20232,8093,645407208525.0,gbm,582731368422.472
haryana,20232,8093,661742128636.0,gbm,600606285246.7955
himachal-pradesh,20232,8093,46875063718.0,gbm,47990420423.82182
jammu-&-kashmir,20232,8093,76530005380.0,gbm,58001048326.89842
jharkhand,20232,8093,422214727508.0,gbm,390398313747.4631
karnataka,20232,8093,2777599098830.0,gbm,1879680079113.4766
kerala,20232,8093,207796670985.0,gbm,234245055870.55115
ladakh,20232,8093,7191103886.0,gbm,4676584914.929239
lakshadweep,20232,8093,97987438.0,gbm,69504696.1047984
madhya-pradesh,20232,8093,1202440949508.0,gbm,1476924706811.6426
maharashtra,20232,8093,2606004606468.0,gbm,2015367506365.5544
manipur,20232,8093,4463876653.0,gbm,10351720142.14023
meghalaya,20232,8093,11084506486.0,gbm,11018494800.171453
mizoram,20232,8093,3191806576.0,gbm,3802075811.802716
nagaland,20232,8093,8021399310.0,gbm,10085114897.270418
odisha,20232,8093,799332054104.0,gbm,782832984100.7853
puducherry,20232,8093,15386733257.0,gbm,14604463290.94528
punjab,20232,8093,194181575454.0,gbm,197350270100.99048
rajasthan,20232,8093,1698455586300.0,gbm,1803371140807.8965
sikkim,20232,8093,8580350436.0,gbm,7484698532.026611
tamil-nadu,20232,8093,776362551015.0,gbm,838040765563.4764
telangana,20232,8093,2698149935008.0,gbm,1733076019634.0942
tripura,20232,8093,13919130082.0,gbm,14725873663.609324
uttar-pradesh,20232,8093,1836622076526.0,gbm,1786021233769.775
uttarakhand,20232,8093,134072872398.0,gbm,136989854558.06395
west-bengal,20232,8093,1009315106972.0,gbm,984523598776.1025
andaman-&-nicobar-islands,20233,8094,5211596791.0,naive_last,4990344236.0
andhra-pradesh,20233,8094,2653414098098.0,naive_last,2506039086916.0
arunachal-pradesh,20233,8094,21127391086.0,naive_last,19805698664.0
assam,20233,8094,244058014402.0,naive_last,235110788783.0
bihar,20233,8094,1148153363366.0,naive_last,1226046745390.0
chandigarh,20233,8094,15426783311.0,naive_last,14414408750.0
chhattisgarh,20233,8094,350379679526.0,naive_last,333156846754.0
dadra-&-nagar-haveli-&-daman-&-diu,20233,8094,15096066463.0,naive_last,13750538188.0
delhi,20233,8094,708199251438.0,naive_last,661728515657.0
goa,20233,8094,37375179974.0,naive_last,38412206943.0
gujarat,20233,8094,707737036450.0,naive_last,645407208525.0
haryana,20233,8094,677491980740.0,naive_last,661742128636.0
himachal-pradesh,20233,8094,41854571637.0,naive_last,46875063718.0
jammu-&-kashmir,20233,8094,86016148426.0,naive_last,76530005380.0
jharkhand,20233,8094,418384424020.0,naive_last,422214727508.0
karnataka,20233,8094,2985880895587.0,naive_last,2777599098830.0
kerala,20233,8094,220332613329.0,naive_last,207796670985.0
ladakh,20233,8094,8250572243.0,naive_last,7191103886.0
lakshadweep,20233,8094,94527061.0,naive_last,97987438.0
madhya-pradesh,20233,8094,1237821998249.0,naive_last,1202440949508.0
maharashtra,20233,8094,2752172184241.0,naive_last,2606004606468.0
manipur,20233,8094,3608286601.0,naive_last,4463876653.0
meghalaya,20233,8094,11406633080.0,naive_last,11084506486.0
mizoram,20233,8094,3106130235.0,naive_last,3191806576.0
nagaland,20233,8094,8616299673.0,naive_last,8021399310.0
odisha,20233,8094,840298338124.0,naive_last,799332054104.0
puducherry,20233,8094,16444491839.0,naive_last,15386733257.0
punjab,20233,8094,205225582737.0,naive_last,194181575454.0
rajasthan,20233,8094,1800225443616.0,naive_last,1698455586300.0
sikkim,20233,8094,8107237421.0,naive_last,8580350436.0
tamil-nadu,20233,8094,833105264698.0,naive_last,776362551015.0
telangana,20233,8094,2870202901073.0,naive_last,2698149935008.0
tripura,20233,8094,15249223330.0,naive_last,13919130082.0
uttar-pradesh,20233,8094,1861748362006.0,naive_last,1836622076526.0
uttarakhand,20233,8094,128762398121.0,naive_last,134072872398.0
west-bengal,20233,8094,1071548606382.0,naive_last,1009315106972.0
andaman-&-nicobar-islands,20233,8094,5211596791.0,seasonal_naive,3310631772.1373878
andhra-pradesh,20233,8094,2653414098098.0,seasonal_naive,1385077409712.1436
arunachal-pradesh,20233,8094,21127391086.0,seasonal_naive,9025110785.048607
assam,20233,8094,244058014402.0,seasonal_naive,161489079054.8985
bihar,20233,8094,1148153363366.0,seasonal_naive,791446486557.9156
chandigarh,20233,8094,15426783311.0,seasonal_naive,20559757737.40585
chhattisgarh,20233,8094,350379679526.0,seasonal_naive,220161558081.98898
dadra-&-nagar-haveli-&-daman-&-diu,20233,8094,15096066463.0,seasonal_naive,7520647359.499436
delhi,20233,8094,708199251438.0,seasonal_naive,677612647116.1163
goa,20233,8094,37375179974.0,seasonal_naive,19574265275.706333
gujarat,20233,8094,707737036450.0,seasonal_naive,497437502209.4494
haryana,20233,8094,677491980740.0,seasonal_naive,428054494578.0264
himachal-pradesh,20233,8094,41854571637.0,seasonal_naive,37380782688.54041
jammu-&-kashmir,20233,8094,86016148426.0,seasonal_naive,40963554502.24823
jharkhand,20233,8094,418384424020.0,seasonal_naive,229412884063.9579
karnataka,20233,8094,2985880895587.0,seasonal_naive,1665918232611.024
kerala,20233,8094,220332613329.0,seasonal_naive,162260419315.4295
ladakh,20233,8094,8250572243.0,seasonal_naive,3605199350.373904
lakshadweep,20233,8094,94527061.0,seasonal_naive,47580009.61750025
madhya-pradesh,20233,8094,1237821998249.0,seasonal_naive,1032908494249.664
maharashtra,20233,8094,2752172184241.0,seasonal_naive,1947579187374.547
manipur,20233,8094,3608286601.0,seasonal_naive,15381430267.299725
meghalaya,20233,8094,11406633080.0,seasonal_naive,9603300797.12155
mizoram,20233,8094,3106130235.0,seasonal_naive,1946265612.067954
nagaland,20233,8094,8616299673.0,seasonal_naive,5364400495.05083
odisha,20233,8094,840298338124.0,seasonal_naive,564545557340.55
puducherry,20233,8094,16444491839.0,seasonal_naive,10854317711.140947
punjab,20233,8094,205225582737.0,seasonal_naive,149319443006.35474
rajasthan,20233,8094,1800225443616.0,seasonal_naive,1238489256318.2769
sikkim,20233,8094,8107237421.0,seasonal_naive,5162880543.8914585
tamil-nadu,20233,8094,833105264698.0,seasonal_naive,631879220373.2683
telangana,20233,8094,2870202901073.0,seasonal_naive,2706325865752.0728
tripura,20233,8094,15249223330.0,seasonal_naive,8648352804.911142
uttar-pradesh,20233,8094,1861748362006.0,seasonal_naive,1121370050898.776
uttarakhand,20233,8094,128762398121.0,seasonal_naive,92641259938.36305
west-bengal,20233,8094,1071548606382.0,seasonal_naive,704749898612.144
andaman-&-nicobar-islands,20233,8094,5211596791.0,seasonal_yoy,6151035782.245204
andhra-pradesh,20233,8094,2653414098098.0,seasonal_yoy,2345541011907.3516
arunachal-pradesh,20233,8094,21127391086.0,seasonal_yoy,19574592069.745285
assam,20233,8094,244058014402.0,seasonal_yoy,247975745177.91632
bihar,20233,8094,1148153363366.0,seasonal_yoy,1286149719919.3984
chandigarh,20233,8094,15426783311.0,seasonal_yoy,17146801811.692488
chhattisgarh,20233,8094,350379679526.0,seasonal_yoy,404833047222.2035
dadra-&-nagar-haveli-&-daman-&-diu,20233,8094,15096066463.0,seasonal_yoy,14783500585.499325
delhi,20233,8094,708199251438.0,seasonal_yoy,711902180825.6426
goa,20233,8094,37375179974.0,seasonal_yoy,32872359868.975395
gujarat,20233,8094,707737036450.0,seasonal_yoy,718556817655.2496
haryana,20233,8094,677491980740.0,seasonal_yoy,716693571785.7667
himachal-pradesh,20233,8094,41854571637.0,seasonal_yoy,51980805084.62706
jammu-&-kashmir,20233,8094,86016148426.0,seasonal_yoy,67776221183.74276
jharkhand,20233,8094,418384424020.0,seasonal_yoy,429281677256.4805
karnataka,20233,8094,2985880895587.0,seasonal_yoy,2478248995503.118
kerala,20233,8094,220332613329.0,seasonal_yoy,217957174967.551
ladakh,20233,8094,8250572243.0,seasonal_yoy,7316690671.267669
lakshadweep,20233,8094,94527061.0,seasonal_yoy,83359134.99394584
madhya-pradesh,20233,8094,1237821998249.0,seasonal_yoy,1432498309572.1594
maharashtra,20233,8094,2752172184241.0,seasonal_yoy,2529766336241.3354
manipur,20233,8094,3608286601.0,seasonal_yoy,4601033212.530514
meghalaya,20233,8094,11406633080.0,seasonal_yoy,20154884571.357487
mizoram,20233,8094,3106130235.0,seasonal_yoy,3101110740.8765564
nagaland,20233,8094,8616299673.0,seasonal_yoy,7496142754.803731
odisha,20233,8094,840298338124.0,seasonal_yoy,884761534142.4174
puducherry,20233,8094,16444491839.0,seasonal_yoy,12121023228.739323
punjab,20233,8094,205225582737.0,seasonal_yoy,211110667864.10458
rajasthan,20233,8094,1800225443616.0,seasonal_yoy,1824651141753.847
sikkim,20233,8094,8107237421.0,seasonal_yoy,7894936743.076904
tamil-nadu,20233,8094,833105264698.0,seasonal_yoy,831280283050.3859
telangana,20233,8094,2870202901073.0,seasonal_yoy,3741938369428.5684
tripura,20233,8094,15249223330.0,seasonal_yoy,17501134653.01415
uttar-pradesh,20233,8094,1861748362006.0,seasonal_yoy,1929277471039.7163
uttarakhand,20233,8094,128762398121.0,seasonal_yoy,140643253431.49918
west-bengal,20233,8094,1071548606382.0,seasonal_yoy,1096734413676.1364
andaman-&-nicobar-islands,20233,8094,5211596791.0,ridge,5658925472.729618
andhra-pradesh,20233,8094,2653414098098.0,ridge,2491713671772.8896
arunachal-pradesh,20233,8094,21127391086.0,ridge,23036725116.595043
assam,20233,8094,244058014402.0,ridge,282032964077.25574
bihar,20233,8094,1148153363366.0,ridge,1345912070382.2297
chandigarh,20233,8094,15426783311.0,ridge,19553683082.853302
chhattisgarh,20233,8094,350379679526.0,ridge,393945563975.18243
dadra-&-nagar-haveli-&-daman-&-diu,20233,8094,15096066463.0,ridge,15419596773.80153
delhi,20233,8094,708199251438.0,ridge,804004694843.4365
goa,20233,8094,37375179974.0,ridge,39746696679.168724
gujarat,20233,8094,707737036450.0,ridge,764653397892.336
haryana,20233,8094,677491980740.0,ridge,736195829480.6866
himachal-pradesh,20233,8094,41854571637.0,ridge,61486475818.17943
jammu-&-kashmir,20233,8094,86016148426.0,ridge,89295132280.09875
jharkhand,20233,8094,418384424020.0,ridge,473059882247.2566
karnataka,20233,8094,2985880895587.0,ridge,3044365751918.8257
kerala,20233,8094,220332613329.0,ridge,254773447766.02682
ladakh,20233,8094,8250572243.0,ridge,8884698183.876616
lakshadweep,20233,8094,94527061.0,ridge,98023189.42342766
madhya-pradesh,20233,8094,1237821998249.0,ridge,1512815258774.1362
maharashtra,20233,8094,2752172184241.0,ridge,3105932546542.191
manipur,20233,8094,3608286601.0,ridge,7129593720.323084
meghalaya,20233,8094,11406633080.0,ridge,13580309559.59497
mizoram,20233,8094,3106130235.0,ridge,3698322967.880438
nagaland,20233,8094,8616299673.0,ridge,8970622529.08505
odisha,20233,8094,840298338124.0,ridge,917792003325.0822
puducherry,20233,8094,16444491839.0,ridge,17086797791.344381
punjab,20233,8094,205225582737.0,ridge,229535425032.9537
rajasthan,20233,8094,1800225443616.0,ridge,2026217792515.9045
sikkim,20233,8094,8107237421.0,ridge,9873884730.098457
tamil-nadu,20233,8094,833105264698.0,ridge,927777723434.5901
telangana,20233,8094,2870202901073.0,ridge,3049939210033.505
tripura,20233,8094,15249223330.0,ridge,16090421977.402475
uttar-pradesh,20233,8094,1861748362006.0,ridge,2097985692221.0083
uttarakhand,20233,8094,128762398121.0,ridge,165215428514.52246
west-bengal,20233,8094,1071548606382.0,ridge,1127084951342.9414
andaman-&-nicobar-islands,20233,8094,5211596791.0,gbm,5524694676.81585
andhra-pradesh,20233,8094,2653414098098.0,gbm,2099471613048.4922
arunachal-pradesh,20233,8094,21127391086.0,gbm,21964459460.715115
assam,20233,8094,244058014402.0,gbm,282458443434.1814
bihar,20233,8094,1148153363366.0,gbm,1397404274060.535
chandigarh,20233,8094,15426783311.0,gbm,14735020415.782187
chhattisgarh,20233,8094,350379679526.0,gbm,403458048660.80225
dadra-&-nagar-haveli-&-daman-&-diu,20233,8094,15096066463.0,gbm,12657560384.44505
delhi,20233,8094,708199251438.0,gbm,800365172379.999
goa,20233,8094,37375179974.0,gbm,40123337049.70082
gujarat,20233,8094,707737036450.0,gbm,737248662987.3418
haryana,20233,8094,677491980740.0,gbm,723248463874.4265
himachal-pradesh,20233,8094,41854571637.0,gbm,54381160658.624115
jammu-&-kashmir,20233,8094,86016148426.0,gbm,92217694788.34425
jharkhand,20233,8094,418384424020.0,gbm,488606323910.9028
karnataka,20233,8094,2985880895587.0,gbm,2187616893774.8987
kerala,20233,8094,220332613329.0,gbm,271037640286.58588
ladakh,20233,8094,8250572243.0,gbm,7711212849.735729
lakshadweep,20233,8094,94527061.0,gbm,65942979.447529875
madhya-pradesh,20233,8094,1237821998249.0,gbm,1617389865973.8052
maharashtra,20233,8094,2752172184241.0,gbm,2332196991659.136
manipur,20233,8094,3608286601.0,gbm,5277017661.74463
meghalaya,20233,8094,11406633080.0,gbm,13430280139.934494
mizoram,20233,8094,3106130235.0,gbm,3641282184.2599735
nagaland,20233,8094,8616299673.0,gbm,9072218862.68719
odisha,20233,8094,840298338124.0,gbm,1061982776766.255
puducherry,20233,8094,16444491839.0,gbm,14358277651.496103
punjab,20233,8094,205225582737.0,gbm,242738270959.36395
rajasthan,20233,8094,1800225443616.0,gbm,2206123862952.9443
sikkim,20233,8094,8107237421.0,gbm,10410342963.298132
tamil-nadu,20233,8094,833105264698.0,gbm,960035575909.2056
telangana,20233,8094,2870202901073.0,gbm,2356086705691.2964
tripura,20233,8094,15249223330.0,gbm,15342525579.455698
uttar-pradesh,20233,8094,1861748362006.0,gbm,2085454290842.2095
uttarakhand,20233,8094,128762398121.0,gbm,152658268740.6537
west-bengal,20233,8094,1071548606382.0,gbm,1104565868001.5327
andaman-&-nicobar-islands,20234,8095,6269552499.0,naive_last,5211596791.0
andhra-pradesh,20234,8095,2802514977823.0,naive_last,2653414098098.0
arunachal-pradesh,20234,8095,24128799794.0,naive_last,21127391086.0
assam,20234,8095,285603636931.0,naive_last,244058014402.0
bihar,20234,8095,1434735808415.0,naive_last,1148153363366.0
chandigarh,20234,8095,16281223001.0,naive_last,15426783311.0
chhattisgarh,20234,8095,403985034545.0,naive_last,350379679526.0
dadra-&-nagar-haveli-&-daman-&-diu,20234,8095,17558059967.0,naive_last,15096066463.0
delhi,20234,8095,799649719349.0,naive_last,708199251438.0
goa,20234,8095,44287671557.0,naive_last,37375179974.0
gujarat,20234,8095,795087199074.0,naive_last,707737036450.0
haryana,20234,8095,782270484600.0,naive_last,677491980740.0
himachal-pradesh,20234,8095,48280246564.0,naive_last,41854571637.0
jammu-&-kashmir,20234,8095,93070141760.0,naive_last,86016148426.0
jharkhand,20234,8095,498720104925.0,naive_last,418384424020.0
karnataka,20234,8095,3241376424383.0,naive_last,2985880895587.0
kerala,20234,8095,224985321465.0,naive_last,220332613329.0
ladakh,20234,8095,6942986945.0,naive_last,8250572243.0
lakshadweep,20234,8095,119831383.0,naive_last,94527061.0
madhya-pradesh,20234,8095,1426502880687.0,naive_last,1237821998249.0
maharashtra,20234,8095,3098014934958.0,naive_last,2752172184241.0
manipur,20234,8095,6800325298.0,naive_last,3608286601.0
meghalaya,20234,8095,13873058692.0,naive_last,11406633080.0
mizoram,20234,8095,3540840283.0,naive_last,3106130235.0
nagaland,20234,8095,9674575422.0,naive_last,8616299673.0
odisha,20234,8095,978791865637.0,naive_last,840298338124.0
puducherry,20234,8095,17024510550.0,naive_last,16444491839.0
punjab,20234,8095,231139462165.0,naive_last,205225582737.0
rajasthan,20234,8095,2066379607801.0,naive_last,1800225443616.0
sikkim,20234,8095,8590608471.0,naive_last,8107237421.0
tamil-nadu,20234,8095,872870665005.0,naive_last,833105264698.0
telangana,20234,8095,3116417474765.0,naive_last,2870202901073.0
tripura,20234,8095,16819896794.0,naive_last,15249223330.0
uttar-pradesh,20234,8095,2257441161652.0,naive_last,1861748362006.0
uttarakhand,20234,8095,148083447262.0,naive_last,128762398121.0
west-bengal,20234,8095,1249394976078.0,naive_last,1071548606382.0
andaman-&-nicobar-islands,20234,8095,6269552499.0,seasonal_naive,3984674404.4287863
andhra-pradesh,20234,8095,2802514977823.0,seasonal_naive,1424725083041.656
arunachal-pradesh,20234,8095,24128799794.0,seasonal_naive,9684909697.50225
assam,20234,8095,285603636931.0,seasonal_naive,192653519187.5461
bihar,20234,8095,1434735808415.0,seasonal_naive,936012149674.8322
chandigarh,20234,8095,16281223001.0,seasonal_naive,27879754566.939415
chhattisgarh,20234,8095,403985034545.0,seasonal_naive,252519180810.47153
dadra-&-nagar-haveli-&-daman-&-diu,20234,8095,17558059967.0,seasonal_naive,8059640746.081129
delhi,20234,8095,799649719349.0,seasonal_naive,744915016018.5758
goa,20234,8095,44287671557.0,seasonal_naive,24924986371.339153
gujarat,20234,8095,795087199074.0,seasonal_naive,567918305336.5378
haryana,20234,8095,782270484600.0,seasonal_naive,490490659880.1036
himachal-pradesh,20234,8095,48280246564.0,seasonal_naive,41779343232.37368
jammu-&-kashmir,20234,8095,93070141760.0,seasonal_naive,44315295915.49385
jharkhand,20234,8095,498720104925.0,seasonal_naive,277971737448.58136
karnataka,20234,8095,3241376424383.0,seasonal_naive,1904516622907.6438
kerala,20234,8095,224985321465.0,seasonal_naive,173559808599.70966
ladakh,20234,8095,6942986945.0,seasonal_naive,2894477572.678949
lakshadweep,20234,8095,119831383.0,seasonal_naive,54813873.61493625
madhya-pradesh,20234,8095,1426502880687.0,seasonal_naive,1302999857548.3237
maharashtra,20234,8095,3098014934958.0,seasonal_naive,2210470839617.1304
manipur,20234,8095,6800325298.0,seasonal_naive,15625956698.341482
meghalaya,20234,8095,13873058692.0,seasonal_naive,8996541156.348656
mizoram,20234,8095,3540840283.0,seasonal_naive,2037911085.2630196
nagaland,20234,8095,9674575422.0,seasonal_naive,6969966384.314046
odisha,20234,8095,978791865637.0,seasonal_naive,652217064524.0004
puducherry,20234,8095,17024510550.0,seasonal_naive,11142204877.174494
punjab,20234,8095,231139462165.0,seasonal_naive,168107427177.93903
rajasthan,20234,8095,2066379607801.0,seasonal_naive,1456956699398.6572
sikkim,20234,8095,8590608471.0,seasonal_naive,6458385389.419812
tamil-nadu,20234,8095,872870665005.0,seasonal_naive,675689667591.438
telangana,20234,8095,3116417474765.0,seasonal_naive,2978252562916.1475
tripura,20234,8095,16819896794.0,seasonal_naive,10452971818.154097
uttar-pradesh,20234,8095,2257441161652.0,seasonal_naive,1376378802069.512
uttarakhand,20234,8095,148083447262.0,seasonal_naive,115496046831.35934
west-bengal,20234,8095,1249394976078.0,seasonal_naive,787775633607.2498
andaman-&-nicobar-islands,20234,8095,6269552499.0,seasonal_yoy,6272674754.732315
andhra-pradesh,20234,8095,2802514977823.0,seasonal_yoy,2729367755728.7144
arunachal-pradesh,20234,8095,24128799794.0,seasonal_yoy,22671951589.857628
assam,20234,8095,285603636931.0,seasonal_yoy,291156749643.0272
bihar,20234,8095,1434735808415.0,seasonal_yoy,1357875126181.328
chandigarh,20234,8095,16281223001.0,seasonal_yoy,20919260720.93419
chhattisgarh,20234,8095,403985034545.0,seasonal_yoy,401875742601.67474
dadra-&-nagar-haveli-&-daman-&-diu,20234,8095,17558059967.0,seasonal_yoy,16177978643.961008
delhi,20234,8095,799649719349.0,seasonal_yoy,778539566778.3042
goa,20234,8095,44287671557.0,seasonal_yoy,47591868116.47429
gujarat,20234,8095,795087199074.0,seasonal_yoy,808014708539.9069
haryana,20234,8095,782270484600.0,seasonal_yoy,776311177445.348
himachal-pradesh,20234,8095,48280246564.0,seasonal_yoy,46779558599.29786
jammu-&-kashmir,20234,8095,93070141760.0,seasonal_yoy,93054206777.88164
jharkhand,20234,8095,498720104925.0,seasonal_yoy,506942082790.0861
karnataka,20234,8095,3241376424383.0,seasonal_yoy,3413528760505.2495
kerala,20234,8095,224985321465.0,seasonal_yoy,235675997627.71423
ladakh,20234,8095,6942986945.0,seasonal_yoy,6624070959.253386
lakshadweep,20234,8095,119831383.0,seasonal_yoy,108898556.69427222
madhya-pradesh,20234,8095,1426502880687.0,seasonal_yoy,1561495424200.4514
maharashtra,20234,8095,3098014934958.0,seasonal_yoy,3123670861913.0225
manipur,20234,8095,6800325298.0,seasonal_yoy,3665649370.8715444
meghalaya,20234,8095,13873058692.0,seasonal_yoy,10685934568.492008
mizoram,20234,8095,3540840283.0,seasonal_yoy,3252391245.5357685
nagaland,20234,8095,9674575422.0,seasonal_yoy,11195159483.970829
odisha,20234,8095,978791865637.0,seasonal_yoy,970793071151.6123
puducherry,20234,8095,17024510550.0,seasonal_yoy,16880646213.542799
punjab,20234,8095,231139462165.0,seasonal_yoy,231047906490.93222
rajasthan,20234,8095,2066379607801.0,seasonal_yoy,2117782215003.898
sikkim,20234,8095,8590608471.0,seasonal_yoy,10141560174.250807
tamil-nadu,20234,8095,872870665005.0,seasonal_yoy,890867433557.8499
telangana,20234,8095,3116417474765.0,seasonal_yoy,3158595664470.927
tripura,20234,8095,16819896794.0,seasonal_yoy,18431220986.580196
uttar-pradesh,20234,8095,2257441161652.0,seasonal_yoy,2285125216425.103
uttarakhand,20234,8095,148083447262.0,seasonal_yoy,160528343131.29626
west-bengal,20234,8095,1249394976078.0,seasonal_yoy,1197786454451.289
andaman-&-nicobar-islands,20234,8095,6269552499.0,ridge,6124961261.471053
andhra-pradesh,20234,8095,2802514977823.0,ridge,2729576337243.5854
arunachal-pradesh,20234,8095,24128799794.0,ridge,25293592364.463852
assam,20234,8095,285603636931.0,ridge,312209873475.4002
bihar,20234,8095,1434735808415.0,ridge,1334469891370.5764
chandigarh,20234,8095,16281223001.0,ridge,20875683889.119217
chhattisgarh,20234,8095,403985034545.0,ridge,424914479805.24646
dadra-&-nagar-haveli-&-daman-&-diu,20234,8095,17558059967.0,ridge,17399633039.66515
delhi,20234,8095,799649719349.0,ridge,855795577516.6808
goa,20234,8095,44287671557.0,ridge,41289301508.58257
gujarat,20234,8095,795087199074.0,ridge,858289182304.433
haryana,20234,8095,782270484600.0,ridge,776282515052.2227
himachal-pradesh,20234,8095,48280246564.0,ridge,56004765399.43068
jammu-&-kashmir,20234,8095,93070141760.0,ridge,98680540452.56793
jharkhand,20234,8095,498720104925.0,ridge,498948575647.47424
karnataka,20234,8095,3241376424383.0,ridge,3377561062115.7725
kerala,20234,8095,224985321465.0,ridge,275896727738.3212
ladakh,20234,8095,6942986945.0,ridge,9356681838.938194
lakshadweep,20234,8095,119831383.0,ridge,107310352.83599709
madhya-pradesh,20234,8095,1426502880687.0,ridge,1613806559529.3315
maharashtra,20234,8095,3098014934958.0,ridge,3328188612168.411
manipur,20234,8095,6800325298.0,ridge,5389568084.575054
meghalaya,20234,8095,13873058692.0,ridge,14313342336.003275
mizoram,20234,8095,3540840283.0,ridge,3939043708.0077734
nagaland,20234,8095,9674575422.0,ridge,10614694645.525492
odisha,20234,8095,978791865637.0,ridge,999827925988.4275
puducherry,20234,8095,17024510550.0,ridge,18473624491.395412
punjab,20234,8095,231139462165.0,ridge,246639700851.99075
rajasthan,20234,8095,2066379607801.0,ridge,2194495272333.4854
sikkim,20234,8095,8590608471.0,ridge,9991501578.538273
tamil-nadu,20234,8095,872870665005.0,ridge,1010234508630.356
telangana,20234,8095,3116417474765.0,ridge,3193046366897.456
tripura,20234,8095,16819896794.0,ridge,18376613795.89905
uttar-pradesh,20234,8095,2257441161652.0,ridge,2243748861601.912
uttarakhand,20234,8095,148083447262.0,ridge,161527703006.02194
west-bengal,20234,8095,1249394976078.0,ridge,1231560711151.0786
andaman-&-nicobar-islands,20234,8095,6269552499.0,gbm,5960099021.2421
andhra-pradesh,20234,8095,2802514977823.0,gbm,2447069680857.0645
arunachal-pradesh,20234,8095,24128799794.0,gbm,20722756749.100567
assam,20234,8095,285603636931.0,gbm,282754139095.09875
bihar,20234,8095,1434735808415.0,gbm,1418865271984.7578
chandigarh,20234,8095,16281223001.0,gbm,15372300771.572811
chhattisgarh,20234,8095,403985034545.0,gbm,367054947481.43787
dadra-&-nagar-haveli-&-daman-&-diu,20234,8095,17558059967.0,gbm,13788409701.41914
delhi,20234,8095,799649719349.0,gbm,759316344619.6549
goa,20234,8095,44287671557.0,gbm,39906859175.349266
gujarat,20234,8095,795087199074.0,gbm,758353190921.6669
haryana,20234,8095,782270484600.0,gbm,737238971425.8109
himachal-pradesh,20234,8095,48280246564.0,gbm,52059285516.01443
jammu-&-kashmir,20234,8095,93070141760.0,gbm,81092123084.22131
jharkhand,20234,8095,498720104925.0,gbm,461664250626.08154
karnataka,20234,8095,3241376424383.0,gbm,2388844546708.145
kerala,20234,8095,224985321465.0,gbm,290324196600.7519
ladakh,20234,8095,6942986945.0,gbm,9128340087.612673
lakshadweep,20234,8095,119831383.0,gbm,92474963.23598881
madhya-pradesh,20234,8095,1426502880687.0,gbm,1398892057595.9592
maharashtra,20234,8095,3098014934958.0,gbm,2318655361040.7266
manipur,20234,8095,6800325298.0,gbm,3653564289.8489285
meghalaya,20234,8095,13873058692.0,gbm,11305831787.267874
mizoram,20234,8095,3540840283.0,gbm,3856532008.262023
nagaland,20234,8095,9674575422.0,gbm,9182678303.118164
odisha,20234,8095,978791865637.0,gbm,1021113965168.1006
puducherry,20234,8095,17024510550.0,gbm,17889963806.888298
punjab,20234,8095,231139462165.0,gbm,258715458867.4461
rajasthan,20234,8095,2066379607801.0,gbm,2121964899855.938
sikkim,20234,8095,8590608471.0,gbm,9872356556.577936
tamil-nadu,20234,8095,872870665005.0,gbm,1115855647790.074
telangana,20234,8095,3116417474765.0,gbm,2395345191102.538
tripura,20234,8095,16819896794.0,gbm,15718443498.747967
uttar-pradesh,20234,8095,2257441161652.0,gbm,2279118303226.406
uttarakhand,20234,8095,148083447262.0,gbm,152005974790.6384
west-bengal,20234,8095,1249394976078.0,gbm,1165890922894.8025
andaman-&-nicobar-islands,20241,8096,6859151835.0,naive_last,6269552499.0
andhra-pradesh,20241,8096,3012725669749.0,naive_last,2802514977823.0
arunachal-pradesh,20241,8096,26047044476.0,naive_last,24128799794.0
assam,20241,8096,321183906030.0,naive_last,285603636931.0
bihar,20241,8096,1637736864896.0,naive_last,1434735808415.0
chandigarh,20241,8096,15842176181.0,naive_last,16281223001.0
chhattisgarh,20241,8096,463009809901.0,naive_last,403985034545.0
dadra-&-nagar-haveli-&-daman-&-diu,20241,8096,19519196325.0,naive_last,17558059967.0
delhi,20241,8096,832514031113.0,naive_last,799649719349.0
goa,20241,8096,45351900260.0,naive_last,44287671557.0
gujarat,20241,8096,871619464924.0,naive_last,795087199074.0
haryana,20241,8096,806788219232.0,naive_last,782270484600.0
himachal-pradesh,20241,8096,47884231339.0,naive_last,48280246564.0
jammu-&-kashmir,20241,8096,93960928941.0,naive_last,93070141760.0
jharkhand,20241,8096,559720237073.0,naive_last,498720104925.0
karnataka,20241,8096,3485248654506.0,naive_last,3241376424383.0
kerala,20241,8096,227077974738.0,naive_last,224985321465.0
ladakh,20241,8096,6085390661.0,naive_last,6942986945.0
lakshadweep,20241,8096,130052381.0,naive_last,119831383.0
madhya-pradesh,20241,8096,1625420229864.0,naive_last,1426502880687.0
maharashtra,20241,8096,3372898894856.0,naive_last,3098014934958.0
manipur,20241,8096,9242973323.0,naive_last,6800325298.0
meghalaya,20241,8096,15629304658.0,naive_last,13873058692.0
mizoram,20241,8096,3630096730.0,naive_last,3540840283.0
nagaland,20241,8096,10044915308.0,naive_last,9674575422.0
odisha,20241,8096,1156388722536.0,naive_last,978791865637.0
puducherry,20241,8096,17386481977.0,naive_last,17024510550.0
punjab,20241,8096,223303420322.0,naive_last,231139462165.0
rajasthan,20241,8096,2350500173790.0,naive_last,2066379607801.0
sikkim,20241,8096,9455721523.0,naive_last,8590608471.0
tamil-nadu,20241,8096,913861111062.0,naive_last,872870665005.0
telangana,20241,8096,3203769301073.0,naive_last,3116417474765.0
tripura,20241,8096,17752189374.0,naive_last,16819896794.0
uttar-pradesh,20241,8096,2477543106639.0,naive_last,2257441161652.0
uttarakhand,20241,8096,150276835263.0,naive_last,148083447262.0
west-bengal,20241,8096,1422025506833.0,naive_last,1249394976078.0
andaman-&-nicobar-islands,20241,8096,6859151835.0,seasonal_naive,4461528587.0
andhra-pradesh,20241,8096,3012725669749.0,seasonal_naive,2249051316530.0
arunachal-pradesh,20241,8096,26047044476.0,seasonal_naive,16394578454.0
assam,20241,8096,321183906030.0,seasonal_naive,212354167087.0
bihar,20241,8096,1637736864896.0,seasonal_naive,1039276959944.0
chandigarh,20241,8096,15842176181.0,seasonal_naive,12824894394.0
chhattisgarh,20241,8096,463009809901.0,seasonal_naive,301088936459.0
dadra-&-nagar-haveli-&-daman-&-diu,20241,8096,19519196325.0,seasonal_naive,12614091200.0
delhi,20241,8096,832514031113.0,seasonal_naive,611403109580.0
goa,20241,8096,45351900260.0,seasonal_naive,35096965775.0
gujarat,20241,8096,871619464924.0,seasonal_naive,597826188806.0
haryana,20241,8096,806788219232.0,seasonal_naive,591150623736.0
himachal-pradesh,20241,8096,47884231339.0,seasonal_naive,37740947734.0
jammu-&-kashmir,20241,8096,93960928941.0,seasonal_naive,55921747581.0
jharkhand,20241,8096,559720237073.0,seasonal_naive,367371336021.0
karnataka,20241,8096,3485248654506.0,seasonal_naive,2470227226317.0
kerala,20241,8096,227077974738.0,seasonal_naive,193637089677.0
ladakh,20241,8096,6085390661.0,seasonal_naive,3849021298.0
lakshadweep,20241,8096,130052381.0,seasonal_naive,85321961.0
madhya-pradesh,20241,8096,1625420229864.0,seasonal_naive,1062026599901.0
maharashtra,20241,8096,3372898894856.0,seasonal_naive,2362285906059.0
manipur,20241,8096,9242973323.0,seasonal_naive,8585564092.0
meghalaya,20241,8096,15629304658.0,seasonal_naive,10084840615.0
mizoram,20241,8096,3630096730.0,seasonal_naive,2955622739.0
nagaland,20241,8096,10044915308.0,seasonal_naive,7814397854.0
odisha,20241,8096,1156388722536.0,seasonal_naive,753968977663.0
puducherry,20241,8096,17386481977.0,seasonal_naive,14222388506.0
punjab,20241,8096,223303420322.0,seasonal_naive,175508676860.0
rajasthan,20241,8096,2350500173790.0,seasonal_naive,1554913375850.0
sikkim,20241,8096,9455721523.0,seasonal_naive,6762568022.0
tamil-nadu,20241,8096,913861111062.0,seasonal_naive,715583673518.0
telangana,20241,8096,3203769301073.0,seasonal_naive,2372581734284.0
tripura,20241,8096,17752189374.0,seasonal_naive,13288282891.0
uttar-pradesh,20241,8096,2477543106639.0,seasonal_naive,1636936265372.0
uttarakhand,20241,8096,150276835263.0,seasonal_naive,107179907585.0
west-bengal,20241,8096,1422025506833.0,seasonal_naive,896883182555.0
andaman-&-nicobar-islands,20241,8096,6859151835.0,seasonal_yoy,7019842743.210438
andhra-pradesh,20241,8096,3012725669749.0,seasonal_yoy,4424011393841.358
arunachal-pradesh,20241,8096,26047044476.0,seasonal_yoy,40845140902.61605
assam,20241,8096,321183906030.0,seasonal_yoy,314809315154.317
bihar,20241,8096,1637736864896.0,seasonal_yoy,1593021917301.3276
chandigarh,20241,8096,15842176181.0,seasonal_yoy,7489483635.576744
chhattisgarh,20241,8096,463009809901.0,seasonal_yoy,481687862308.5665
dadra-&-nagar-haveli-&-daman-&-diu,20241,8096,19519196325.0,seasonal_yoy,27480005213.197323
delhi,20241,8096,832514031113.0,seasonal_yoy,656327654123.3813
goa,20241,8096,45351900260.0,seasonal_yoy,62361634615.68859
gujarat,20241,8096,871619464924.0,seasonal_yoy,836958318695.4657
haryana,20241,8096,806788219232.0,seasonal_yoy,942810378926.6702
himachal-pradesh,20241,8096,47884231339.0,seasonal_yoy,43613473098.94112
jammu-&-kashmir,20241,8096,93960928941.0,seasonal_yoy,117445790833.83533
jharkhand,20241,8096,559720237073.0,seasonal_yoy,659115465940.9264
karnataka,20241,8096,3485248654506.0,seasonal_yoy,4204182939621.008
kerala,20241,8096,227077974738.0,seasonal_yoy,251011471031.31665
ladakh,20241,8096,6085390661.0,seasonal_yoy,9232652163.308058
lakshadweep,20241,8096,130052381.0,seasonal_yoy,186526656.71334812
madhya-pradesh,20241,8096,1625420229864.0,seasonal_yoy,1162689309095.9612
maharashtra,20241,8096,3372898894856.0,seasonal_yoy,3310786501431.1484
manipur,20241,8096,9242973323.0,seasonal_yoy,3736387462.1913466
meghalaya,20241,8096,15629304658.0,seasonal_yoy,15551263904.643036
mizoram,20241,8096,3630096730.0,seasonal_yoy,5135350669.262049
nagaland,20241,8096,10044915308.0,seasonal_yoy,10846678053.73903
odisha,20241,8096,1156388722536.0,seasonal_yoy,1131492477612.1572
puducherry,20241,8096,17386481977.0,seasonal_yoy,21730815923.391663
punjab,20241,8096,223303420322.0,seasonal_yoy,241315817246.85895
rajasthan,20241,8096,2350500173790.0,seasonal_yoy,2205310077560.7124
sikkim,20241,8096,9455721523.0,seasonal_yoy,8995216394.283003
tamil-nadu,20241,8096,913861111062.0,seasonal_yoy,924406612871.3616
telangana,20241,8096,3203769301073.0,seasonal_yoy,2482648808599.0723
tripura,20241,8096,17752189374.0,seasonal_yoy,21382201223.18912
uttar-pradesh,20241,8096,2477543106639.0,seasonal_yoy,2684789462679.4966
uttarakhand,20241,8096,150276835263.0,seasonal_yoy,137420895587.74362
west-bengal,20241,8096,1422025506833.0,seasonal_yoy,1422437169428.5322
andaman-&-nicobar-islands,20241,8096,6859151835.0,ridge,6444512937.258782
andhra-pradesh,20241,8096,3012725669749.0,ridge,2908277397521.5723
arunachal-pradesh,20241,8096,26047044476.0,ridge,25647743683.822113
assam,20241,8096,321183906030.0,ridge,320696891941.4004
bihar,20241,8096,1637736864896.0,ridge,1601528832240.14
chandigarh,20241,8096,15842176181.0,ridge,18223842050.101875
chhattisgarh,20241,8096,463009809901.0,ridge,443313100432.10626
dadra-&-nagar-haveli-&-daman-&-diu,20241,8096,19519196325.0,ridge,20437952970.44938
delhi,20241,8096,832514031113.0,ridge,875920197199.9451
goa,20241,8096,45351900260.0,ridge,49529257540.26917
gujarat,20241,8096,871619464924.0,ridge,886826742632.7135
haryana,20241,8096,806788219232.0,ridge,851480049556.3285
himachal-pradesh,20241,8096,47884231339.0,ridge,59562373403.28975
jammu-&-kashmir,20241,8096,93960928941.0,ridge,98550261031.76225
jharkhand,20241,8096,559720237073.0,ridge,559512946321.3732
karnataka,20241,8096,3485248654506.0,ridge,3513294168616.203
kerala,20241,8096,227077974738.0,ridge,277437025551.0786
ladakh,20241,8096,6085390661.0,ridge,6785039048.656112
lakshadweep,20241,8096,130052381.0,ridge,144584532.94645283
madhya-pradesh,20241,8096,1625420229864.0,ridge,1572355724297.8293
maharashtra,20241,8096,3372898894856.0,ridge,3505325489545.951
manipur,20241,8096,9242973323.0,ridge,10573027865.95886
meghalaya,20241,8096,15629304658.0,ridge,14962727368.723991
mizoram,20241,8096,3630096730.0,ridge,4167142842.680819
nagaland,20241,8096,10044915308.0,ridge,10442670644.84479
odisha,20241,8096,1156388722536.0,ridge,1083266397550.683
puducherry,20241,8096,17386481977.0,ridge,19009798004.032715
punjab,20241,8096,223303420322.0,ridge,256443564134.84665
rajasthan,20241,8096,2350500173790.0,ridge,2189038973245.0693
sikkim,20241,8096,9455721523.0,ridge,9369666635.233315
tamil-nadu,20241,8096,913861111062.0,ridge,1009092044891.845
telangana,20241,8096,3203769301073.0,ridge,3133978944933.484
tripura,20241,8096,17752189374.0,ridge,19076063604.781574
uttar-pradesh,20241,8096,2477543106639.0,ridge,2543360833321.7725
uttarakhand,20241,8096,150276835263.0,ridge,169524405864.91943
west-bengal,20241,8096,1422025506833.0,ridge,1370290934005.671
andaman-&-nicobar-islands,20241,8096,6859151835.0,gbm,7122772362.663265
andhra-pradesh,20241,8096,3012725669749.0,gbm,2675331144627.0977
arunachal-pradesh,20241,8096,26047044476.0,gbm,26255165548.11474
assam,20241,8096,321183906030.0,gbm,364607303168.0426
bihar,20241,8096,1637736864896.0,gbm,1586975572478.294
chandigarh,20241,8096,15842176181.0,gbm,19142176784.41513
chhattisgarh,20241,8096,463009809901.0,gbm,455594208967.24634
dadra-&-nagar-haveli-&-daman-&-diu,20241,8096,19519196325.0,gbm,20704535708.139076
delhi,20241,8096,832514031113.0,gbm,1001435746763.4861
goa,20241,8096,45351900260.0,gbm,45434943375.47715
gujarat,20241,8096,871619464924.0,gbm,886150283742.8483
haryana,20241,8096,806788219232.0,gbm,867400798779.6786
himachal-pradesh,20241,8096,47884231339.0,gbm,50348386124.39417
jammu-&-kashmir,20241,8096,93960928941.0,gbm,106717421816.12863
jharkhand,20241,8096,559720237073.0,gbm,557676091644.8676
karnataka,20241,8096,3485248654506.0,gbm,2642185086176.5083
kerala,20241,8096,227077974738.0,gbm,253604416215.0459
ladakh,20241,8096,6085390661.0,gbm,7810181569.776754
lakshadweep,20241,8096,130052381.0,gbm,104027138.3305336
madhya-pradesh,20241,8096,1625420229864.0,gbm,1604176238192.702
maharashtra,20241,8096,3372898894856.0,gbm,2603209877534.0073
manipur,20241,8096,9242973323.0,gbm,9671732923.240892
meghalaya,20241,8096,15629304658.0,gbm,14948446239.479193
mizoram,20241,8096,3630096730.0,gbm,4705534597.871428
nagaland,20241,8096,10044915308.0,gbm,10975282167.553648
odisha,20241,8096,1156388722536.0,gbm,1199526953353.988
puducherry,20241,8096,17386481977.0,gbm,18740239393.677418
punjab,20241,8096,223303420322.0,gbm,233481137286.83502
rajasthan,20241,8096,2350500173790.0,gbm,2565061184327.99
sikkim,20241,8096,9455721523.0,gbm,9410553427.203087
tamil-nadu,20241,8096,913861111062.0,gbm,1027914084017.1559
telangana,20241,8096,3203769301073.0,gbm,2674404567657.381
tripura,20241,8096,17752189374.0,gbm,19654463761.99835
uttar-pradesh,20241,8096,2477543106639.0,gbm,2564039847034.717
uttarakhand,20241,8096,150276835263.0,gbm,172938363578.66864
west-bengal,20241,8096,1422025506833.0,gbm,1371114443972.6436
andaman-&-nicobar-islands,20242,8097,7295780330.0,naive_last,6859151835.0
andhra-pradesh,20242,8097,3181922420088.0,naive_last,3012725669749.0
arunachal-pradesh,20242,8097,29706351630.0,naive_last,26047044476.0
assam,20242,8097,345308670210.0,naive_last,321183906030.0
bihar,20242,8097,1886846564676.0,naive_last,1637736864896.0
chandigarh,20242,8097,17556903812.0,naive_last,15842176181.0
chhattisgarh,20242,8097,496313432419.0,naive_last,463009809901.0
dadra-&-nagar-haveli-&-daman-&-diu,20242,8097,20328992711.0,naive_last,19519196325.0
delhi,20242,8097,896917676180.0,naive_last,832514031113.0
goa,20242,8097,47454830712.0,naive_last,45351900260.0
gujarat,20242,8097,910625046933.0,naive_last,871619464924.0
haryana,20242,8097,905444595600.0,naive_last,806788219232.0
himachal-pradesh,20242,8097,59849740702.0,naive_last,47884231339.0
jammu-&-kashmir,20242,8097,129061756911.0,naive_last,93960928941.0
jharkhand,20242,8097,620115922491.0,naive_last,559720237073.0
karnataka,20242,8097,3785034703438.0,naive_last,3485248654506.0
kerala,20242,8097,242003822595.0,naive_last,227077974738.0
ladakh,20242,8097,10125723348.0,naive_last,6085390661.0
lakshadweep,20242,8097,146212841.0,naive_last,130052381.0
madhya-pradesh,20242,8097,1779679946627.0,naive_last,1625420229864.0
maharashtra,20242,8097,3573189333587.0,naive_last,3372898894856.0
manipur,20242,8097,10898000793.0,naive_last,9242973323.0
meghalaya,20242,8097,16794614094.0,naive_last,15629304658.0
mizoram,20242,8097,3798477640.0,naive_last,3630096730.0
nagaland,20242,8097,11012913096.0,naive_last,10044915308.0
odisha,20242,8097,1164839284001.0,naive_last,1156388722536.0
puducherry,20242,8097,18242009736.0,naive_last,17386481977.0
punjab,20242,8097,244435036984.0,naive_last,223303420322.0
rajasthan,20242,8097,2497094537924.0,naive_last,2350500173790.0
sikkim,20242,8097,11296518155.0,naive_last,9455721523.0
tamil-nadu,20242,8097,985151149866.0,naive_last,913861111062.0
telangana,20242,8097,3461542433312.0,naive_last,3203769301073.0
tripura,20242,8097,18137431068.0,naive_last,17752189374.0
uttar-pradesh,20242,8097,2704223360067.0,naive_last,2477543106639.0
uttarakhand,20242,8097,180612915790.0,naive_last,150276835263.0
west-bengal,20242,8097,1547343815564.0,naive_last,1422025506833.0
andaman-&-nicobar-islands,20242,8097,7295780330.0,seasonal_naive,4990344236.0
andhra-pradesh,20242,8097,3181922420088.0,seasonal_naive,2506039086916.0
arunachal-pradesh,20242,8097,29706351630.0,seasonal_naive,19805698664.0
assam,20242,8097,345308670210.0,seasonal_naive,235110788783.0
bihar,20242,8097,1886846564676.0,seasonal_naive,1226046745390.0
chandigarh,20242,8097,17556903812.0,seasonal_naive,14414408750.0
chhattisgarh,20242,8097,496313432419.0,seasonal_naive,333156846754.0
dadra-&-nagar-haveli-&-daman-&-diu,20242,8097,20328992711.0,seasonal_naive,13750538188.0
delhi,20242,8097,896917676180.0,seasonal_naive,661728515657.0
goa,20242,8097,47454830712.0,seasonal_naive,38412206943.0
gujarat,20242,8097,910625046933.0,seasonal_naive,645407208525.0
haryana,20242,8097,905444595600.0,seasonal_naive,661742128636.0
himachal-pradesh,20242,8097,59849740702.0,seasonal_naive,46875063718.0
jammu-&-kashmir,20242,8097,129061756911.0,seasonal_naive,76530005380.0
jharkhand,20242,8097,620115922491.0,seasonal_naive,422214727508.0
karnataka,20242,8097,3785034703438.0,seasonal_naive,2777599098830.0
kerala,20242,8097,242003822595.0,seasonal_naive,207796670985.0
ladakh,20242,8097,10125723348.0,seasonal_naive,7191103886.0
lakshadweep,20242,8097,146212841.0,seasonal_naive,97987438.0
madhya-pradesh,20242,8097,1779679946627.0,seasonal_naive,1202440949508.0
maharashtra,20242,8097,3573189333587.0,seasonal_naive,2606004606468.0
manipur,20242,8097,10898000793.0,seasonal_naive,4463876653.0
meghalaya,20242,8097,16794614094.0,seasonal_naive,11084506486.0
mizoram,20242,8097,3798477640.0,seasonal_naive,3191806576.0
nagaland,20242,8097,11012913096.0,seasonal_naive,8021399310.0
odisha,20242,8097,1164839284001.0,seasonal_naive,799332054104.0
puducherry,20242,8097,18242009736.0,seasonal_naive,15386733257.0
punjab,20242,8097,244435036984.0,seasonal_naive,194181575454.0
rajasthan,20242,8097,2497094537924.0,seasonal_naive,1698455586300.0
sikkim,20242,8097,11296518155.0,seasonal_naive,8580350436.0
tamil-nadu,20242,8097,985151149866.0,seasonal_naive,776362551015.0
telangana,20242,8097,3461542433312.0,seasonal_naive,2698149935008.0
tripura,20242,8097,18137431068.0,seasonal_naive,13919130082.0
uttar-pradesh,20242,8097,2704223360067.0,seasonal_naive,1836622076526.0
uttarakhand,20242,8097,180612915790.0,seasonal_naive,134072872398.0
west-bengal,20242,8097,1547343815564.0,seasonal_naive,1009315106972.0
andaman-&-nicobar-islands,20242,8097,7295780330.0,seasonal_yoy,7672152751.274319
andhra-pradesh,20242,8097,3181922420088.0,seasonal_yoy,3356974663519.4077
arunachal-pradesh,20242,8097,29706351630.0,seasonal_yoy,31466494574.832806
assam,20242,8097,345308670210.0,seasonal_yoy,355603106484.74713
bihar,20242,8097,1886846564676.0,seasonal_yoy,1932056641685.9255
chandigarh,20242,8097,17556903812.0,seasonal_yoy,17805651722.893085
chhattisgarh,20242,8097,496313432419.0,seasonal_yoy,512323335745.654
dadra-&-nagar-haveli-&-daman-&-diu,20242,8097,20328992711.0,seasonal_yoy,21277748052.589134
delhi,20242,8097,896917676180.0,seasonal_yoy,901039372289.859
goa,20242,8097,47454830712.0,seasonal_yoy,49635817216.037254
gujarat,20242,8097,910625046933.0,seasonal_yoy,940991706763.7955
haryana,20242,8097,905444595600.0,seasonal_yoy,903129815171.1969
himachal-pradesh,20242,8097,59849740702.0,seasonal_yoy,59473238746.49251
jammu-&-kashmir,20242,8097,129061756911.0,seasonal_yoy,128587369108.0371
jharkhand,20242,8097,620115922491.0,seasonal_yoy,643278623574.9786
karnataka,20242,8097,3785034703438.0,seasonal_yoy,3918920259164.87
kerala,20242,8097,242003822595.0,seasonal_yoy,243682898164.19934
ladakh,20242,8097,10125723348.0,seasonal_yoy,11369299632.840122
lakshadweep,20242,8097,146212841.0,seasonal_yoy,149357791.01455343
madhya-pradesh,20242,8097,1779679946627.0,seasonal_yoy,1840322873955.6726
maharashtra,20242,8097,3573189333587.0,seasonal_yoy,3720883248975.3804
manipur,20242,8097,10898000793.0,seasonal_yoy,4805682233.423309
meghalaya,20242,8097,16794614094.0,seasonal_yoy,17178568850.715647
mizoram,20242,8097,3798477640.0,seasonal_yoy,3920177789.0808463
nagaland,20242,8097,11012913096.0,seasonal_yoy,10311002616.709057
odisha,20242,8097,1164839284001.0,seasonal_yoy,1225963667354.6948
puducherry,20242,8097,18242009736.0,seasonal_yoy,18809861673.014896
punjab,20242,8097,244435036984.0,seasonal_yoy,247061346129.23615
rajasthan,20242,8097,2497094537924.0,seasonal_yoy,2567487175026.9575
sikkim,20242,8097,11296518155.0,seasonal_yoy,11997425242.692463
tamil-nadu,20242,8097,985151149866.0,seasonal_yoy,991480898340.6046
telangana,20242,8097,3461542433312.0,seasonal_yoy,3643393947850.404
tripura,20242,8097,18137431068.0,seasonal_yoy,18594955809.102978
uttar-pradesh,20242,8097,2704223360067.0,seasonal_yoy,2779772469738.7173
uttarakhand,20242,8097,180612915790.0,seasonal_yoy,187983432833.36826
west-bengal,20242,8097,1547343815564.0,seasonal_yoy,1600288481781.2336
andaman-&-nicobar-islands,20242,8097,7295780330.0,ridge,7088084403.165786
andhra-pradesh,20242,8097,3181922420088.0,ridge,3073928499047.871
arunachal-pradesh,20242,8097,29706351630.0,ridge,28854046805.491875
assam,20242,8097,345308670210.0,ridge,359533383181.2541
bihar,20242,8097,1886846564676.0,ridge,1722707753956.9995
chandigarh,20242,8097,17556903812.0,ridge,17425825191.97212
chhattisgarh,20242,8097,496313432419.0,ridge,498975292956.7675
dadra-&-nagar-haveli-&-daman-&-diu,20242,8097,20328992711.0,ridge,21365634897.519115
delhi,20242,8097,896917676180.0,ridge,889622221122.8906
goa,20242,8097,47454830712.0,ridge,47390141481.80525
gujarat,20242,8097,910625046933.0,ridge,946837111516.3827
haryana,20242,8097,905444595600.0,ridge,858513803469.4523
himachal-pradesh,20242,8097,59849740702.0,ridge,57995631931.30298
jammu-&-kashmir,20242,8097,129061756911.0,ridge,102922360098.5173
jharkhand,20242,8097,620115922491.0,ridge,616173867511.9003
karnataka,20242,8097,3785034703438.0,ridge,3722310584326.368
kerala,20242,8097,242003822595.0,ridge,266290014905.95233
ladakh,20242,8097,10125723348.0,ridge,6771846786.577605
lakshadweep,20242,8097,146212841.0,ridge,141924685.89254445
madhya-pradesh,20242,8097,1779679946627.0,ridge,1805689991254.171
maharashtra,20242,8097,3573189333587.0,ridge,3709401099087.0044
manipur,20242,8097,10898000793.0,ridge,10695135515.013084
meghalaya,20242,8097,16794614094.0,ridge,18799548085.982067
mizoram,20242,8097,3798477640.0,ridge,4377907401.066169
nagaland,20242,8097,11012913096.0,ridge,10807691380.4393
odisha,20242,8097,1164839284001.0,ridge,1226590811267.0073
puducherry,20242,8097,18242009736.0,ridge,18693871351.609512
punjab,20242,8097,244435036984.0,ridge,243270304042.77283
rajasthan,20242,8097,2497094537924.0,ridge,2514607077156.4927
sikkim,20242,8097,11296518155.0,ridge,10735332451.154282
tamil-nadu,20242,8097,985151149866.0,ridge,1029262721232.1687
telangana,20242,8097,3461542433312.0,ridge,3261302259669.157
tripura,20242,8097,18137431068.0,ridge,19666767416.950214
uttar-pradesh,20242,8097,2704223360067.0,ridge,2694123736290.3843
uttarakhand,20242,8097,180612915790.0,ridge,170487648102.37613
west-bengal,20242,8097,1547343815564.0,ridge,1482448246250.1309
andaman-&-nicobar-islands,20242,8097,7295780330.0,gbm,7419810540.886681
andhra-pradesh,20242,8097,3181922420088.0,gbm,2727385015775.8984
arunachal-pradesh,20242,8097,29706351630.0,gbm,25778306274.81733
assam,20242,8097,345308670210.0,gbm,373394927388.57385
bihar,20242,8097,1886846564676.0,gbm,2003807591157.717
chandigarh,20242,8097,17556903812.0,gbm,15288026422.34721
chhattisgarh,20242,8097,496313432419.0,gbm,505777087400.6496
dadra-&-nagar-haveli-&-daman-&-diu,20242,8097,20328992711.0,gbm,20841222214.93123
delhi,20242,8097,896917676180.0,gbm,848646113213.6792
goa,20242,8097,47454830712.0,gbm,42205700850.577065
gujarat,20242,8097,910625046933.0,gbm,969668490107.4852
haryana,20242,8097,905444595600.0,gbm,832188285684.6764
himachal-pradesh,20242,8097,59849740702.0,gbm,50678507805.33124
jammu-&-kashmir,20242,8097,129061756911.0,gbm,104308507698.54953
jharkhand,20242,8097,620115922491.0,gbm,592404292558.2267
karnataka,20242,8097,3785034703438.0,gbm,2841169981846.904
kerala,20242,8097,242003822595.0,gbm,232551606869.80334
ladakh,20242,8097,10125723348.0,gbm,6461041669.02512
lakshadweep,20242,8097,146212841.0,gbm,91882306.24583933
madhya-pradesh,20242,8097,1779679946627.0,gbm,1998536405835.9065
maharashtra,20242,8097,3573189333587.0,gbm,2740158211394.0513
manipur,20242,8097,10898000793.0,gbm,10995638072.081553
meghalaya,20242,8097,16794614094.0,gbm,14311584705.96222
mizoram,20242,8097,3798477640.0,gbm,4278221465.538192
nagaland,20242,8097,11012913096.0,gbm,11183070694.57964
odisha,20242,8097,1164839284001.0,gbm,1295023499070.0361
puducherry,20242,8097,18242009736.0,gbm,17855126043.303467
punjab,20242,8097,244435036984.0,gbm,230476775382.61548
rajasthan,20242,8097,2497094537924.0,gbm,2691552231287.4844
sikkim,20242,8097,11296518155.0,gbm,10706995509.589863
tamil-nadu,20242,8097,985151149866.0,gbm,1083044548626.6676
telangana,20242,8097,3461542433312.0,gbm,2630168141318.728
tripura,20242,8097,18137431068.0,gbm,20633212017.557705
uttar-pradesh,20242,8097,2704223360067.0,gbm,2677412373065.9717
uttarakhand,20242,8097,180612915790.0,gbm,160310152727.87512
west-bengal,20242,8097,1547343815564.0,gbm,1559427794131.8516
andaman-&-nicobar-islands,20243,8098,7663845009.0,naive_last,7295780330.0
andhra-pradesh,20243,8098,3226645607489.0,naive_last,3181922420088.0
arunachal-pradesh,20243,8098,31601956705.0,naive_last,29706351630.0
assam,20243,8098,333558308550.0,naive_last,345308670210.0
bihar,20243,8098,1780280473339.0,naive_last,1886846564676.0
chandigarh,20243,8098,19259257876.0,naive_last,17556903812.0
chhattisgarh,20243,8098,497360133758.0,naive_last,496313432419.0
dadra-&-nagar-haveli-&-daman-&-diu,20243,8098,21564631566.0,naive_last,20328992711.0
delhi,20243,8098,958203383588.0,naive_last,896917676180.0
goa,20243,8098,45913528012.0,naive_last,47454830712.0
gujarat,20243,8098,963551388101.0,naive_last,910625046933.0
haryana,20243,8098,923206681798.0,naive_last,905444595600.0
himachal-pradesh,20243,8098,56615941598.0,naive_last,59849740702.0
jammu-&-kashmir,20243,8098,144470345977.0,naive_last,129061756911.0
jharkhand,20243,8098,609909540592.0,naive_last,620115922491.0
karnataka,20243,8098,3907202566484.0,naive_last,3785034703438.0
kerala,20243,8098,258302031309.0,naive_last,242003822595.0
ladakh,20243,8098,12652871712.0,naive_last,10125723348.0
lakshadweep,20243,8098,192408087.0,naive_last,146212841.0
madhya-pradesh,20243,8098,1761082466531.0,naive_last,1779679946627.0
maharashtra,20243,8098,3687268662139.0,naive_last,3573189333587.0
manipur,20243,8098,11671516831.0,naive_last,10898000793.0
meghalaya,20243,8098,16292956696.0,naive_last,16794614094.0
mizoram,20243,8098,3923888231.0,naive_last,3798477640.0
nagaland,20243,8098,12281315168.0,naive_last,11012913096.0
odisha,20243,8098,1177233944634.0,naive_last,1164839284001.0
puducherry,20243,8098,19535004396.0,naive_last,18242009736.0
punjab,20243,8098,256116156529.0,naive_last,244435036984.0
rajasthan,20243,8098,2472257715905.0,naive_last,2497094537924.0
sikkim,20243,8098,10569829072.0,naive_last,11296518155.0
tamil-nadu,20243,8098,1050779594821.0,naive_last,985151149866.0
telangana,20243,8098,3551316976598.0,naive_last,3461542433312.0
tripura,20243,8098,19948846189.0,naive_last,18137431068.0
uttar-pradesh,20243,8098,2717475205234.0,naive_last,2704223360067.0
uttarakhand,20243,8098,173414867549.0,naive_last,180612915790.0
west-bengal,20243,8098,1607643782237.0,naive_last,1547343815564.0
andaman-&-nicobar-islands,20243,8098,7663845009.0,seasonal_naive,5211596791.0
andhra-pradesh,20243,8098,3226645607489.0,seasonal_naive,2653414098098.0
arunachal-pradesh,20243,8098,31601956705.0,seasonal_naive,21127391086.0
assam,20243,8098,333558308550.0,seasonal_naive,244058014402.0
bihar,20243,8098,1780280473339.0,seasonal_naive,1148153363366.0
chandigarh,20243,8098,19259257876.0,seasonal_naive,15426783311.0
chhattisgarh,20243,8098,497360133758.0,seasonal_naive,350379679526.0
dadra-&-nagar-haveli-&-daman-&-diu,20243,8098,21564631566.0,seasonal_naive,15096066463.0
delhi,20243,8098,958203383588.0,seasonal_naive,708199251438.0
goa,20243,8098,45913528012.0,seasonal_naive,37375179974.0
gujarat,20243,8098,963551388101.0,seasonal_naive,707737036450.0
haryana,20243,8098,923206681798.0,seasonal_naive,677491980740.0
himachal-pradesh,20243,8098,56615941598.0,seasonal_naive,41854571637.0
jammu-&-kashmir,20243,8098,144470345977.0,seasonal_naive,86016148426.0
jharkhand,20243,8098,609909540592.0,seasonal_naive,418384424020.0
karnataka,20243,8098,3907202566484.0,seasonal_naive,2985880895587.0
kerala,20243,8098,258302031309.0,seasonal_naive,220332613329.0
ladakh,20243,8098,12652871712.0,seasonal_naive,8250572243.0
lakshadweep,20243,8098,192408087.0,seasonal_naive,94527061.0
madhya-pradesh,20243,8098,1761082466531.0,seasonal_naive,1237821998249.0
maharashtra,20243,8098,3687268662139.0,seasonal_naive,2752172184241.0
manipur,20243,8098,11671516831.0,seasonal_naive,3608286601.0
meghalaya,20243,8098,16292956696.0,seasonal_naive,11406633080.0
mizoram,20243,8098,3923888231.0,seasonal_naive,3106130235.0
nagaland,20243,8098,12281315168.0,seasonal_naive,8616299673.0
odisha,20243,8098,1177233944634.0,seasonal_naive,840298338124.0
puducherry,20243,8098,19535004396.0,seasonal_naive,16444491839.0
punjab,20243,8098,256116156529.0,seasonal_naive,205225582737.0
rajasthan,20243,8098,2472257715905.0,seasonal_naive,1800225443616.0
sikkim,20243,8098,10569829072.0,seasonal_naive,8107237421.0
tamil-nadu,20243,8098,1050779594821.0,seasonal_naive,833105264698.0
telangana,20243,8098,3551316976598.0,seasonal_naive,2870202901073.0
tripura,20243,8098,19948846189.0,seasonal_naive,15249223330.0
uttar-pradesh,20243,8098,2717475205234.0,seasonal_naive,1861748362006.0
uttarakhand,20243,8098,173414867549.0,seasonal_naive,128762398121.0
west-bengal,20243,8098,1607643782237.0,seasonal_naive,1071548606382.0
andaman-&-nicobar-islands,20243,8098,7663845009.0,seasonal_yoy,7619247001.314264
andhra-pradesh,20243,8098,3226645607489.0,seasonal_yoy,3369044741798.3975
arunachal-pradesh,20243,8098,31601956705.0,seasonal_yoy,31688743693.04822
assam,20243,8098,333558308550.0,seasonal_yoy,358449515836.6858
bihar,20243,8098,1780280473339.0,seasonal_yoy,1766971151413.3284
chandigarh,20243,8098,19259257876.0,seasonal_yoy,18789986840.063343
chhattisgarh,20243,8098,497360133758.0,seasonal_yoy,521970786702.2258
dadra-&-nagar-haveli-&-daman-&-diu,20243,8098,21564631566.0,seasonal_yoy,22318240995.02647
delhi,20243,8098,958203383588.0,seasonal_yoy,959904873135.9702
goa,20243,8098,45913528012.0,seasonal_yoy,46173677058.66529
gujarat,20243,8098,963551388101.0,seasonal_yoy,998568134227.0588
haryana,20243,8098,923206681798.0,seasonal_yoy,926994709839.3041
himachal-pradesh,20243,8098,56615941598.0,seasonal_yoy,53439612898.18622
jammu-&-kashmir,20243,8098,144470345977.0,seasonal_yoy,145059381394.97498
jharkhand,20243,8098,609909540592.0,seasonal_yoy,614490272730.0342
karnataka,20243,8098,3907202566484.0,seasonal_yoy,4068860338732.7915
kerala,20243,8098,258302031309.0,seasonal_yoy,256603411475.31232
ladakh,20243,8098,12652871712.0,seasonal_yoy,11617550423.371233
lakshadweep,20243,8098,192408087.0,seasonal_yoy,141049408.19240832
madhya-pradesh,20243,8098,1761082466531.0,seasonal_yoy,1832045880239.5854
maharashtra,20243,8098,3687268662139.0,seasonal_yoy,3773605107418.8813
manipur,20243,8098,11671516831.0,seasonal_yoy,8809183876.674038
meghalaya,20243,8098,16292956696.0,seasonal_yoy,17282681996.93078
mizoram,20243,8098,3923888231.0,seasonal_yoy,3696516679.078189
nagaland,20243,8098,12281315168.0,seasonal_yoy,11829676573.954554
odisha,20243,8098,1177233944634.0,seasonal_yoy,1224538049615.4087
puducherry,20243,8098,19535004396.0,seasonal_yoy,19496053854.97524
punjab,20243,8098,256116156529.0,seasonal_yoy,258337191822.12042
rajasthan,20243,8098,2472257715905.0,seasonal_yoy,2646718088212.233
sikkim,20243,8098,10569829072.0,seasonal_yoy,10673638028.695297
tamil-nadu,20243,8098,1050779594821.0,seasonal_yoy,1057153785178.8987
telangana,20243,8098,3551316976598.0,seasonal_yoy,3682274659895.776
tripura,20243,8098,19948846189.0,seasonal_yoy,19870619453.875465
uttar-pradesh,20243,8098,2717475205234.0,seasonal_yoy,2741219043073.953
uttarakhand,20243,8098,173414867549.0,seasonal_yoy,173459043226.20856
west-bengal,20243,8098,1607643782237.0,seasonal_yoy,1642751701335.0398
andaman-&-nicobar-islands,20243,8098,7663845009.0,ridge,7707524566.075336
andhra-pradesh,20243,8098,3226645607489.0,ridge,3422231896847.341
arunachal-pradesh,20243,8098,31601956705.0,ridge,33807248898.660824
assam,20243,8098,333558308550.0,ridge,416186588058.7068
bihar,20243,8098,1780280473339.0,ridge,2039164216895.8777
chandigarh,20243,8098,19259257876.0,ridge,21029332032.21589
chhattisgarh,20243,8098,497360133758.0,ridge,562551118067.8928
dadra-&-nagar-haveli-&-daman-&-diu,20243,8098,21564631566.0,ridge,23748173439.396614
delhi,20243,8098,958203383588.0,ridge,1038046051010.8066
goa,20243,8098,45913528012.0,ridge,51839176631.32154
gujarat,20243,8098,963551388101.0,ridge,1056196920971.4911
haryana,20243,8098,923206681798.0,ridge,1029912927880.7758
himachal-pradesh,20243,8098,56615941598.0,ridge,74987157104.41536
jammu-&-kashmir,20243,8098,144470345977.0,ridge,151819033061.148
jharkhand,20243,8098,609909540592.0,ridge,708035869929.8462
karnataka,20243,8098,3907202566484.0,ridge,4227171275493.385
kerala,20243,8098,258302031309.0,ridge,299216977901.6312
ladakh,20243,8098,12652871712.0,ridge,13021474778.001095
lakshadweep,20243,8098,192408087.0,ridge,168775404.22236487
madhya-pradesh,20243,8098,1761082466531.0,ridge,2031913248109.0273
maharashtra,20243,8098,3687268662139.0,ridge,4122210224136.9824
manipur,20243,8098,11671516831.0,ridge,11838028294.467583
meghalaya,20243,8098,16292956696.0,ridge,21534363290.515
mizoram,20243,8098,3923888231.0,ridge,4779305752.505403
nagaland,20243,8098,12281315168.0,ridge,13156162467.405735
odisha,20243,8098,1177233944634.0,ridge,1316420018506.3274
puducherry,20243,8098,19535004396.0,ridge,20912272740.573017
punjab,20243,8098,256116156529.0,ridge,289162571045.74493
rajasthan,20243,8098,2472257715905.0,ridge,2792417007194.6587
sikkim,20243,8098,10569829072.0,ridge,12892785954.129494
tamil-nadu,20243,8098,1050779594821.0,ridge,1161814389669.1392
telangana,20243,8098,3551316976598.0,ridge,3732594399687.4355
tripura,20243,8098,19948846189.0,ridge,21873207385.684326
uttar-pradesh,20243,8098,2717475205234.0,ridge,3102012274970.553
uttarakhand,20243,8098,173414867549.0,ridge,213971955709.9863
west-bengal,20243,8098,1607643782237.0,ridge,1709057328123.58
andaman-&-nicobar-islands,20243,8098,7663845009.0,gbm,7968489694.095059
andhra-pradesh,20243,8098,3226645607489.0,gbm,3015332348715.34
arunachal-pradesh,20243,8098,31601956705.0,gbm,31864885193.9288
assam,20243,8098,333558308550.0,gbm,403249758763.2565
bihar,20243,8098,1780280473339.0,gbm,2007597666030.5286
chandigarh,20243,8098,19259257876.0,gbm,18907536887.462593
chhattisgarh,20243,8098,497360133758.0,gbm,557144310939.8431
dadra-&-nagar-haveli-&-daman-&-diu,20243,8098,21564631566.0,gbm,22921368309.074665
delhi,20243,8098,958203383588.0,gbm,1014899753912.6704
goa,20243,8098,45913528012.0,gbm,46543519174.309616
gujarat,20243,8098,963551388101.0,gbm,1021696261142.4323
haryana,20243,8098,923206681798.0,gbm,1026631688041.2606
himachal-pradesh,20243,8098,56615941598.0,gbm,68482817915.98459
jammu-&-kashmir,20243,8098,144470345977.0,gbm,128953502827.46281
jharkhand,20243,8098,609909540592.0,gbm,661973096063.5227
karnataka,20243,8098,3907202566484.0,gbm,3036563022097.7246
kerala,20243,8098,258302031309.0,gbm,278830200488.3474
ladakh,20243,8098,12652871712.0,gbm,12441182208.979172
lakshadweep,20243,8098,192408087.0,gbm,154131206.68787098
madhya-pradesh,20243,8098,1761082466531.0,gbm,2039231807269.5017
maharashtra,20243,8098,3687268662139.0,gbm,3026024377208.756
manipur,20243,8098,11671516831.0,gbm,12584714242.345678
meghalaya,20243,8098,16292956696.0,gbm,18517557424.28186
mizoram,20243,8098,3923888231.0,gbm,4238800574.8325367
nagaland,20243,8098,12281315168.0,gbm,12690834678.722326
odisha,20243,8098,1177233944634.0,gbm,1417389899223.7952
puducherry,20243,8098,19535004396.0,gbm,17960969385.730778
punjab,20243,8098,256116156529.0,gbm,262474255832.887
rajasthan,20243,8098,2472257715905.0,gbm,2902572863584.469
sikkim,20243,8098,10569829072.0,gbm,13608865143.379333
tamil-nadu,20243,8098,1050779594821.0,gbm,1133874934328.0217
telangana,20243,8098,3551316976598.0,gbm,2988618449934.091
tripura,20243,8098,19948846189.0,gbm,18932786412.83422
uttar-pradesh,20243,8098,2717475205234.0,gbm,2918690093051.324
uttarakhand,20243,8098,173414867549.0,gbm,208545331254.85815
west-bengal,20243,8098,1607643782237.0,gbm,1751279774783.9507
andaman-&-nicobar-islands,20244,8099,8920944773.0,naive_last,7663845009.0
andhra-pradesh,20244,8099,3452015568966.0,naive_last,3226645607489.0
arunachal-pradesh,20244,8099,35079886873.0,naive_last,31601956705.0
assam,20244,8099,382786405959.0,naive_last,333558308550.0
bihar,20244,8099,2098927476047.0,naive_last,1780280473339.0
chandigarh,20244,8099,20501385889.0,naive_last,19259257876.0
chhattisgarh,20244,8099,576828444625.0,naive_last,497360133758.0
dadra-&-nagar-haveli-&-daman-&-diu,20244,8099,23945221461.0,naive_last,21564631566.0
delhi,20244,8099,1057060485903.0,naive_last,958203383588.0
goa,20244,8099,56562589543.0,naive_last,45913528012.0
gujarat,20244,8099,1076014501422.0,naive_last,963551388101.0
haryana,20244,8099,1031959359354.0,naive_last,923206681798.0
himachal-pradesh,20244,8099,63736996234.0,naive_last,56615941598.0
jammu-&-kashmir,20244,8099,160950980732.0,naive_last,144470345977.0
jharkhand,20244,8099,704010501034.0,naive_last,609909540592.0
karnataka,20244,8099,4151819803822.0,naive_last,3907202566484.0
kerala,20244,8099,273639970566.0,naive_last,258302031309.0
ladakh,20244,8099,10854417654.0,naive_last,12652871712.0
lakshadweep,20244,8099,247756681.0,naive_last,192408087.0
madhya-pradesh,20244,8099,2003305068845.0,naive_last,1761082466531.0
maharashtra,20244,8099,4151028450887.0,naive_last,3687268662139.0
manipur,20244,8099,12061708556.0,naive_last,11671516831.0
meghalaya,20244,8099,19674927433.0,naive_last,16292956696.0
mizoram,20244,8099,4461162922.0,naive_last,3923888231.0
nagaland,20244,8099,13959098676.0,naive_last,12281315168.0
odisha,20244,8099,1305457593239.0,naive_last,1177233944634.0
puducherry,20244,8099,19965392547.0,naive_last,19535004396.0
punjab,20244,8099,289125652032.0,naive_last,256116156529.0
rajasthan,20244,8099,2793049371408.0,naive_last,2472257715905.0
sikkim,20244,8099,12641101398.0,naive_last,10569829072.0
tamil-nadu,20244,8099,1087632875606.0,naive_last,1050779594821.0
telangana,20244,8099,3859050535418.0,naive_last,3551316976598.0
tripura,20244,8099,22409905268.0,naive_last,19948846189.0
uttar-pradesh,20244,8099,3214106522459.0,naive_last,2717475205234.0
uttarakhand,20244,8099,194908790959.0,naive_last,173414867549.0
west-bengal,20244,8099,1810100029406.0,naive_last,1607643782237.0
andaman-&-nicobar-islands,20244,8099,8920944773.0,seasonal_naive,6269552499.0
andhra-pradesh,20244,8099,3452015568966.0,seasonal_naive,2802514977823.0
arunachal-pradesh,20244,8099,35079886873.0,seasonal_naive,24128799794.0
assam,20244,8099,382786405959.0,seasonal_naive,285603636931.0
bihar,20244,8099,2098927476047.0,seasonal_naive,1434735808415.0
chandigarh,20244,8099,20501385889.0,seasonal_naive,16281223001.0
chhattisgarh,20244,8099,576828444625.0,seasonal_naive,403985034545.0
dadra-&-nagar-haveli-&-daman-&-diu,20244,8099,23945221461.0,seasonal_naive,17558059967.0
delhi,20244,8099,1057060485903.0,seasonal_naive,799649719349.0
goa,20244,8099,56562589543.0,seasonal_naive,44287671557.0
gujarat,20244,8099,1076014501422.0,seasonal_naive,795087199074.0
haryana,20244,8099,1031959359354.0,seasonal_naive,782270484600.0
himachal-pradesh,20244,8099,63736996234.0,seasonal_naive,48280246564.0
jammu-&-kashmir,20244,8099,160950980732.0,seasonal_naive,93070141760.0
jharkhand,20244,8099,704010501034.0,seasonal_naive,498720104925.0
karnataka,20244,8099,4151819803822.0,seasonal_naive,3241376424383.0
kerala,20244,8099,273639970566.0,seasonal_naive,224985321465.0
ladakh,20244,8099,10854417654.0,seasonal_naive,6942986945.0
lakshadweep,20244,8099,247756681.0,seasonal_naive,119831383.0
madhya-pradesh,20244,8099,2003305068845.0,seasonal_naive,1426502880687.0
maharashtra,20244,8099,4151028450887.0,seasonal_naive,3098014934958.0
manipur,20244,8099,12061708556.0,seasonal_naive,6800325298.0
meghalaya,20244,8099,19674927433.0,seasonal_naive,13873058692.0
mizoram,20244,8099,4461162922.0,seasonal_naive,3540840283.0
nagaland,20244,8099,13959098676.0,seasonal_naive,9674575422.0
odisha,20244,8099,1305457593239.0,seasonal_naive,978791865637.0
puducherry,20244,8099,19965392547.0,seasonal_naive,17024510550.0
punjab,20244,8099,289125652032.0,seasonal_naive,231139462165.0
rajasthan,20244,8099,2793049371408.0,seasonal_naive,2066379607801.0
sikkim,20244,8099,12641101398.0,seasonal_naive,8590608471.0
tamil-nadu,20244,8099,1087632875606.0,seasonal_naive,872870665005.0
telangana,20244,8099,3859050535418.0,seasonal_naive,3116417474765.0
tripura,20244,8099,22409905268.0,seasonal_naive,16819896794.0
uttar-pradesh,20244,8099,3214106522459.0,seasonal_naive,2257441161652.0
uttarakhand,20244,8099,194908790959.0,seasonal_naive,148083447262.0
west-bengal,20244,8099,1810100029406.0,seasonal_naive,1249394976078.0
andaman-&-nicobar-islands,20244,8099,8920944773.0,seasonal_yoy,9219607839.021832
andhra-pradesh,20244,8099,3452015568966.0,seasonal_yoy,3407957562898.5503
arunachal-pradesh,20244,8099,35079886873.0,seasonal_yoy,36091407752.60607
assam,20244,8099,382786405959.0,seasonal_yoy,390339429269.9449
bihar,20244,8099,2098927476047.0,seasonal_yoy,2224643697975.4326
chandigarh,20244,8099,20501385889.0,seasonal_yoy,20325965951.005222
chhattisgarh,20244,8099,576828444625.0,seasonal_yoy,573452350573.9485
dadra-&-nagar-haveli-&-daman-&-diu,20244,8099,23945221461.0,seasonal_yoy,25081573079.325485
delhi,20244,8099,1057060485903.0,seasonal_yoy,1081937131689.395
goa,20244,8099,56562589543.0,seasonal_yoy,54405176109.736725
gujarat,20244,8099,1076014501422.0,seasonal_yoy,1082474612564.963
haryana,20244,8099,1031959359354.0,seasonal_yoy,1065986548751.8383
himachal-pradesh,20244,8099,63736996234.0,seasonal_yoy,65307838854.766205
jammu-&-kashmir,20244,8099,160950980732.0,seasonal_yoy,156318038254.91177
jharkhand,20244,8099,704010501034.0,seasonal_yoy,727020731690.1941
karnataka,20244,8099,4151819803822.0,seasonal_yoy,4241533646907.3086
kerala,20244,8099,273639970566.0,seasonal_yoy,263756530052.7796
ladakh,20244,8099,10854417654.0,seasonal_yoy,10647591527.691784
lakshadweep,20244,8099,247756681.0,seasonal_yoy,243914567.1269132
madhya-pradesh,20244,8099,2003305068845.0,seasonal_yoy,2029523804866.5598
maharashtra,20244,8099,4151028450887.0,seasonal_yoy,4150617265125.6357
manipur,20244,8099,12061708556.0,seasonal_yoy,21996620542.8043
meghalaya,20244,8099,19674927433.0,seasonal_yoy,19815938929.967087
mizoram,20244,8099,4461162922.0,seasonal_yoy,4473045385.46318
nagaland,20244,8099,13959098676.0,seasonal_yoy,13789737402.761364
odisha,20244,8099,1305457593239.0,seasonal_yoy,1371259416663.8484
puducherry,20244,8099,19965392547.0,seasonal_yoy,20224029522.47276
punjab,20244,8099,289125652032.0,seasonal_yoy,288455999892.2938
rajasthan,20244,8099,2793049371408.0,seasonal_yoy,2837768429221.509
sikkim,20244,8099,12641101398.0,seasonal_yoy,11200025168.591307
tamil-nadu,20244,8099,1087632875606.0,seasonal_yoy,1100934926917.7563
telangana,20244,8099,3859050535418.0,seasonal_yoy,3855959549118.3457
tripura,20244,8099,22409905268.0,seasonal_yoy,22003581874.117664
uttar-pradesh,20244,8099,3214106522459.0,seasonal_yoy,3295042718584.209
uttarakhand,20244,8099,194908790959.0,seasonal_yoy,199436106874.98447
west-bengal,20244,8099,1810100029406.0,seasonal_yoy,1874466592450.493
andaman-&-nicobar-islands,20244,8099,8920944773.0,ridge,12662988147.598293
andhra-pradesh,20244,8099,3452015568966.0,ridge,2959474859131.264
arunachal-pradesh,20244,8099,35079886873.0,ridge,49003879365.28248
assam,20244,8099,382786405959.0,ridge,587652290702.8397
bihar,20244,8099,2098927476047.0,ridge,2229829577678.23
chandigarh,20244,8099,20501385889.0,ridge,19918210421.74131
chhattisgarh,20244,8099,576828444625.0,ridge,647310018819.0824
dadra-&-nagar-haveli-&-daman-&-diu,20244,8099,23945221461.0,ridge,24546545086.36804
delhi,20244,8099,1057060485903.0,ridge,1008622659665.6313
goa,20244,8099,56562589543.0,ridge,52719868644.25824
gujarat,20244,8099,1076014501422.0,ridge,1119318317444.4011
haryana,20244,8099,1031959359354.0,ridge,1011587108559.7654
himachal-pradesh,20244,8099,63736996234.0,ridge,64032358279.366585
jammu-&-kashmir,20244,8099,160950980732.0,ridge,299171386215.9563
jharkhand,20244,8099,704010501034.0,ridge,762489651992.7922
karnataka,20244,8099,4151819803822.0,ridge,4204418521859.251
kerala,20244,8099,273639970566.0,ridge,320260678909.71936
ladakh,20244,8099,10854417654.0,ridge,18524139666.010395
lakshadweep,20244,8099,247756681.0,ridge,282054396.58217126
madhya-pradesh,20244,8099,2003305068845.0,ridge,2146122926722.0046
maharashtra,20244,8099,4151028450887.0,ridge,4177505840960.424
manipur,20244,8099,12061708556.0,ridge,13346001676.804174
meghalaya,20244,8099,19674927433.0,ridge,28703504778.06957
mizoram,20244,8099,4461162922.0,ridge,6610633959.976514
nagaland,20244,8099,13959098676.0,ridge,15253226725.739147
odisha,20244,8099,1305457593239.0,ridge,1327981247938.9824
puducherry,20244,8099,19965392547.0,ridge,21217587674.621098
punjab,20244,8099,289125652032.0,ridge,304015739609.81287
rajasthan,20244,8099,2793049371408.0,ridge,2790964281455.169
sikkim,20244,8099,12641101398.0,ridge,12286177631.87484
tamil-nadu,20244,8099,1087632875606.0,ridge,1256875399610.1074
telangana,20244,8099,3859050535418.0,ridge,3605193820070.5024
tripura,20244,8099,22409905268.0,ridge,24205476365.64377
uttar-pradesh,20244,8099,3214106522459.0,ridge,3590136449936.6216
uttarakhand,20244,8099,194908790959.0,ridge,202416605774.38654
west-bengal,20244,8099,1810100029406.0,ridge,1824633575050.8484
andaman-&-nicobar-islands,20244,8099,8920944773.0,gbm,9483130083.908566
andhra-pradesh,20244,8099,3452015568966.0,gbm,3102294092976.8555
arunachal-pradesh,20244,8099,35079886873.0,gbm,34512944972.15341
assam,20244,8099,382786405959.0,gbm,435052244999.9594
bihar,20244,8099,2098927476047.0,gbm,2168162352822.2441
chandigarh,20244,8099,20501385889.0,gbm,20937991356.770954
chhattisgarh,20244,8099,576828444625.0,gbm,580238079717.2694
dadra-&-nagar-haveli-&-daman-&-diu,20244,8099,23945221461.0,gbm,27074218912.629517
delhi,20244,8099,1057060485903.0,gbm,1093622934799.9677
goa,20244,8099,56562589543.0,gbm,46302634762.040054
gujarat,20244,8099,1076014501422.0,gbm,1082563771578.0167
haryana,20244,8099,1031959359354.0,gbm,998437596233.2935
himachal-pradesh,20244,8099,63736996234.0,gbm,66464282562.65943
jammu-&-kashmir,20244,8099,160950980732.0,gbm,170173252336.57562
jharkhand,20244,8099,704010501034.0,gbm,679404613701.3887
karnataka,20244,8099,4151819803822.0,gbm,3267206292443.179
kerala,20244,8099,273639970566.0,gbm,323557705451.919
ladakh,20244,8099,10854417654.0,gbm,15207204377.943367
lakshadweep,20244,8099,247756681.0,gbm,239894718.9654217
madhya-pradesh,20244,8099,2003305068845.0,gbm,2220184636780.5864
maharashtra,20244,8099,4151028450887.0,gbm,3231735934337.172
manipur,20244,8099,12061708556.0,gbm,13997360859.471846
meghalaya,20244,8099,19674927433.0,gbm,18053201018.684265
mizoram,20244,8099,4461162922.0,gbm,5228184630.554283
nagaland,20244,8099,13959098676.0,gbm,14669879189.506432
odisha,20244,8099,1305457593239.0,gbm,1349790621209.4773
puducherry,20244,8099,19965392547.0,gbm,21043764662.34696
punjab,20244,8099,289125652032.0,gbm,317542177699.12524
rajasthan,20244,8099,2793049371408.0,gbm,2942466226056.5693
sikkim,20244,8099,12641101398.0,gbm,13216539268.503286
tamil-nadu,20244,8099,1087632875606.0,gbm,1229957574617.4368
telangana,20244,8099,3859050535418.0,gbm,3142180322786.0444
tripura,20244,8099,22409905268.0,gbm,23433416174.60803
uttar-pradesh,20244,8099,3214106522459.0,gbm,3325305419024.0093
uttarakhand,20244,8099,194908790959.0,gbm,203885224820.69223
west-bengal,20244,8099,1810100029406.0,gbm,1931121127662.017
